eco	name	pgn	uci	epd
E00	Catalan Opening	1. d4 Nf6 2. c4 e6 3. g3	d2d4 g8f6 c2c4 e7e6 g2g3	rnbqkb1r/pppp1ppp/4pn2/8/2PP4/6P1/PP2PP1P/RNBQKBNR b KQkq -
E00	Catalan Opening	1. d4 Nf6 2. c4 e6 3. g3 d5	d2d4 g8f6 c2c4 e7e6 g2g3 d7d5	rnbqkb1r/ppp2ppp/4pn2/3p4/2PP4/6P1/PP2PP1P/RNBQKBNR w KQkq -
E00	Catalan Opening: Hungarian Gambit	1. d4 Nf6 2. c4 e6 3. g3 e5	d2d4 g8f6 c2c4 e7e6 g2g3 e6e5	rnbqkb1r/pppp1ppp/5n2/4p3/2PP4/6P1/PP2PP1P/RNBQKBNR w KQkq -
E00	Indian Defense	1. d4 Nf6 2. c4 e6 3. Qb3	d2d4 g8f6 c2c4 e7e6 d1b3	rnbqkb1r/pppp1ppp/4pn2/8/2PP4/1Q6/PP2PPPP/RNB1KBNR b KQkq -
E00	Indian Defense: Devin Gambit	1. d4 Nf6 2. c4 e6 3. g4	d2d4 g8f6 c2c4 e7e6 g2g4	rnbqkb1r/pppp1ppp/4pn2/8/2PP2P1/8/PP2PP1P/RNBQKBNR b KQkq -
E00	Indian Defense: Seirawan Attack	1. d4 Nf6 2. c4 e6 3. Bg5	d2d4 g8f6 c2c4 e7e6 c1g5	rnbqkb1r/pppp1ppp/4pn2/6B1/2PP4/8/PP2PPPP/RN1QKBNR b KQkq -
E01	Catalan Opening: Closed	1. d4 Nf6 2. c4 e6 3. g3 d5 4. Bg2	d2d4 g8f6 c2c4 e7e6 g2g3 d7d5 f1g2	rnbqkb1r/ppp2ppp/4pn2/3p4/2PP4/6P1/PP2PPBP/RNBQK1NR b KQkq -
E02	Catalan Opening: Open Defense	1. d4 Nf6 2. c4 e6 3. g3 d5 4. Bg2 dxc4	d2d4 g8f6 c2c4 e7e6 g2g3 d7d5 f1g2 d5c4	rnbqkb1r/ppp2ppp/4pn2/8/2pP4/6P1/PP2PPBP/RNBQK1NR w KQkq -
E03	Catalan Opening: Open Defense	1. d4 Nf6 2. c4 e6 3. g3 d5 4. Bg2 dxc4 5. Qa4+ Nbd7 6. Qxc4	d2d4 g8f6 c2c4 e7e6 g2g3 d7d5 f1g2 d5c4 d1a4 b8d7 a4c4	r1bqkb1r/pppn1ppp/4pn2/8/2QP4/6P1/PP2PPBP/RNB1K1NR b KQkq -
E03	Catalan Opening: Open Defense, Alekhine Variation	1. d4 Nf6 2. c4 e6 3. g3 d5 4. Bg2 dxc4 5. Qa4+ Nbd7 6. Qxc4 a6 7. Qc2	d2d4 g8f6 c2c4 e7e6 g2g3 d7d5 f1g2 d5c4 d1a4 b8d7 a4c4 a7a6 c4c2	r1bqkb1r/1ppn1ppp/p3pn2/8/3P4/6P1/PPQ1PPBP/RNB1K1NR b KQkq -
E04	Catalan Opening: Open Defense	1. d4 Nf6 2. c4 e6 3. g3 d5 4. Bg2 dxc4 5. Nf3	d2d4 g8f6 c2c4 e7e6 g2g3 d7d5 f1g2 d5c4 g1f3	rnbqkb1r/ppp2ppp/4pn2/8/2pP4/5NP1/PP2PPBP/RNBQK2R b KQkq -
E04	Catalan Opening: Open Defense, Modern Sharp Variation	1. d4 Nf6 2. c4 e6 3. g3 d5 4. Bg2 dxc4 5. Nf3 Nc6 6. Qa4 Bb4+	d2d4 g8f6 c2c4 e7e6 g2g3 d7d5 f1g2 d5c4 g1f3 b8c6 d1a4 f8b4	r1bqk2r/ppp2ppp/2n1pn2/8/QbpP4/5NP1/PP2PPBP/RNB1K2R w KQkq -
E05	Catalan Opening: Open Defense, Classical Line	1. d4 Nf6 2. c4 e6 3. g3 d5 4. Bg2 dxc4 5. Nf3 Be7	d2d4 g8f6 c2c4 e7e6 g2g3 d7d5 f1g2 d5c4 g1f3 f8e7	rnbqk2r/ppp1bppp/4pn2/8/2pP4/5NP1/PP2PPBP/RNBQK2R w KQkq -
E05	Catalan Opening: Open Defense, Classical Line	1. d4 Nf6 2. c4 e6 3. Nf3 d5 4. g3 Be7 5. Bg2 O-O 6. O-O dxc4	d2d4 g8f6 c2c4 e7e6 g1f3 d7d5 g2g3 f8e7 f1g2 e8g8 e1g1 d5c4	rnbq1rk1/ppp1bppp/4pn2/8/2pP4/5NP1/PP2PPBP/RNBQ1RK1 w - -
E06	Catalan Opening: Closed	1. d4 Nf6 2. c4 e6 3. g3 d5 4. Bg2 Be7 5. Nf3	d2d4 g8f6 c2c4 e7e6 g2g3 d7d5 f1g2 f8e7 g1f3	rnbqk2r/ppp1bppp/4pn2/3p4/2PP4/5NP1/PP2PPBP/RNBQK2R b KQkq -
E07	Catalan Opening: Closed	1. d4 Nf6 2. c4 e6 3. g3 d5 4. Bg2 Be7 5. Nf3 O-O 6. O-O Nbd7	d2d4 g8f6 c2c4 e7e6 g2g3 d7d5 f1g2 f8e7 g1f3 e8g8 e1g1 b8d7	r1bq1rk1/pppnbppp/4pn2/3p4/2PP4/5NP1/PP2PPBP/RNBQ1RK1 w - -
E07	Catalan Opening: Closed, Botvinnik Variation	1. d4 Nf6 2. c4 e6 3. g3 d5 4. Bg2 Be7 5. Nf3 O-O 6. O-O Nbd7 7. Nc3 c6 8. Qd3	d2d4 g8f6 c2c4 e7e6 g2g3 d7d5 f1g2 f8e7 g1f3 e8g8 e1g1 b8d7 b1c3 c7c6 d1d3	r1bq1rk1/pp1nbppp/2p1pn2/3p4/2PP4/2NQ1NP1/PP2PPBP/R1B2RK1 b - -
E08	Catalan Opening: Closed	1. d4 Nf6 2. c4 e6 3. g3 d5 4. Bg2 Be7 5. Nf3 O-O 6. O-O Nbd7 7. Qc2 c6 8. b3	d2d4 g8f6 c2c4 e7e6 g2g3 d7d5 f1g2 f8e7 g1f3 e8g8 e1g1 b8d7 d1c2 c7c6 b2b3	r1bq1rk1/pp1nbppp/2p1pn2/3p4/2PP4/1P3NP1/P1Q1PPBP/RNB2RK1 b - -
E08	Catalan Opening: Closed	1. d4 Nf6 2. c4 e6 3. g3 d5 4. Bg2 Be7 5. Nf3 O-O 6. O-O Nbd7 7. Qc2	d2d4 g8f6 c2c4 e7e6 g2g3 d7d5 f1g2 f8e7 g1f3 e8g8 e1g1 b8d7 d1c2	r1bq1rk1/pppnbppp/4pn2/3p4/2PP4/5NP1/PPQ1PPBP/RNB2RK1 b - -
E08	Catalan Opening: Closed, Spassky Gambit	1. d4 Nf6 2. c4 e6 3. g3 Be7 4. Bg2 d5 5. Nf3 O-O 6. O-O Nbd7 7. Qc2 c6 8. b3 b6 9. Rd1 Bb7 10. Nc3 b5	d2d4 g8f6 c2c4 e7e6 g2g3 f8e7 f1g2 d7d5 g1f3 e8g8 e1g1 b8d7 d1c2 c7c6 b2b3 b7b6 f1d1 c8b7 b1c3 b6b5	r2q1rk1/pb1nbppp/2p1pn2/1p1p4/2PP4/1PN2NP1/P1Q1PPBP/R1BR2K1 w - -
E08	Catalan Opening: Closed, Zagoryansky Variation	1. d4 e6 2. c4 Nf6 3. Nf3 d5 4. g3 Be7 5. Bg2 O-O 6. O-O Nbd7 7. Qc2 c6 8. Rd1 b6 9. a4	d2d4 e7e6 c2c4 g8f6 g1f3 d7d5 g2g3 f8e7 f1g2 e8g8 e1g1 b8d7 d1c2 c7c6 f1d1 b7b6 a2a4	r1bq1rk1/p2nbppp/1pp1pn2/3p4/P1PP4/5NP1/1PQ1PPBP/RNBR2K1 b - -
E09	Catalan Opening: Closed Variation, Rabinovich Variation	1. d4 d5 2. c4 c6 3. Nf3 Nf6 4. Qc2 e6 5. Nbd2 Be7 6. g3 Nbd7 7. Bg2 O-O 8. O-O b5	d2d4 d7d5 c2c4 c7c6 g1f3 g8f6 d1c2 e7e6 b1d2 f8e7 g2g3 b8d7 f1g2 e8g8 e1g1 b7b5	r1bq1rk1/p2nbppp/2p1pn2/1p1p4/2PP4/5NP1/PPQNPPBP/R1B2RK1 w - -
E09	Catalan Opening: Closed Variation, Traditional Variation	1. d4 Nf6 2. c4 e6 3. Nf3 d5 4. g3 Be7 5. Bg2 O-O 6. O-O Nbd7 7. Qc2 c6 8. Nbd2 b6	d2d4 g8f6 c2c4 e7e6 g1f3 d7d5 g2g3 f8e7 f1g2 e8g8 e1g1 b8d7 d1c2 c7c6 b1d2 b7b6	r1bq1rk1/p2nbppp/1pp1pn2/3p4/2PP4/5NP1/PPQNPPBP/R1B2RK1 w - -
E09	Catalan Opening: Closed, Main Line	1. d4 Nf6 2. c4 e6 3. Nf3 d5 4. g3 Be7 5. Bg2 O-O 6. O-O Nbd7 7. Qc2 c6 8. Nbd2	d2d4 g8f6 c2c4 e7e6 g1f3 d7d5 g2g3 f8e7 f1g2 e8g8 e1g1 b8d7 d1c2 c7c6 b1d2	r1bq1rk1/pp1nbppp/2p1pn2/3p4/2PP4/5NP1/PPQNPPBP/R1B2RK1 b - -
E09	Catalan Opening: Closed, Sokolsky Variation	1. d4 Nf6 2. c4 e6 3. g3 d5 4. Bg2 Be7 5. Nf3 O-O 6. O-O Nbd7 7. Qc2 c6 8. Nbd2 b6 9. b3 a5 10. Bb2 Ba6	d2d4 g8f6 c2c4 e7e6 g2g3 d7d5 f1g2 f8e7 g1f3 e8g8 e1g1 b8d7 d1c2 c7c6 b1d2 b7b6 b2b3 a7a5 c1b2 c8a6	r2q1rk1/3nbppp/bpp1pn2/p2p4/2PP4/1P3NP1/PBQNPPBP/R4RK1 w - -
E10	Blumenfeld Countergambit	1. d4 Nf6 2. c4 e6 3. Nf3 c5 4. d5 b5	d2d4 g8f6 c2c4 e7e6 g1f3 c7c5 d4d5 b7b5	rnbqkb1r/p2p1ppp/4pn2/1ppP4/2P5/5N2/PP2PPPP/RNBQKB1R w KQkq -
E10	Blumenfeld Countergambit Accepted	1. d4 Nf6 2. c4 e6 3. Nf3 c5 4. d5 b5 5. dxe6 fxe6 6. cxb5 d5	d2d4 g8f6 c2c4 e7e6 g1f3 c7c5 d4d5 b7b5 d5e6 f7e6 c4b5 d7d5	rnbqkb1r/p5pp/4pn2/1Ppp4/8/5N2/PP2PPPP/RNBQKB1R w KQkq -
E10	Blumenfeld Countergambit: Duz-Khotimirsky Variation	1. d4 Nf6 2. c4 e6 3. Nf3 c5 4. d5 b5 5. Bg5	d2d4 g8f6 c2c4 e7e6 g1f3 c7c5 d4d5 b7b5 c1g5	rnbqkb1r/p2p1ppp/4pn2/1ppP2B1/2P5/5N2/PP2PPPP/RN1QKB1R b KQkq -
E10	Blumenfeld Countergambit: Spielmann Variation	1. d4 Nf6 2. c4 e6 3. Nf3 c5 4. d5 b5 5. Bg5 exd5 6. cxd5 h6	d2d4 g8f6 c2c4 e7e6 g1f3 c7c5 d4d5 b7b5 c1g5 e6d5 c4d5 h7h6	rnbqkb1r/p2p1pp1/5n1p/1ppP2B1/8/5N2/PP2PPPP/RN1QKB1R w KQkq -
E10	Indian Defense: Anti-Nimzo-Indian	1. d4 Nf6 2. c4 e6 3. Nf3	d2d4 g8f6 c2c4 e7e6 g1f3	rnbqkb1r/pppp1ppp/4pn2/8/2PP4/5N2/PP2PPPP/RNBQKB1R b KQkq -
E10	Indian Defense: Dzindzi-Indian Defense	1. d4 Nf6 2. c4 e6 3. Nf3 a6	d2d4 g8f6 c2c4 e7e6 g1f3 a7a6	rnbqkb1r/1ppp1ppp/p3pn2/8/2PP4/5N2/PP2PPPP/RNBQKB1R w KQkq -
E10	Indian Defense: Döry Indian	1. d4 Nf6 2. c4 e6 3. Nf3 Ne4	d2d4 g8f6 c2c4 e7e6 g1f3 f6e4	rnbqkb1r/pppp1ppp/4p3/8/2PPn3/5N2/PP2PPPP/RNBQKB1R w KQkq -
E11	Bogo-Indian Defense	1. d4 Nf6 2. c4 e6 3. Nf3 Bb4+	d2d4 g8f6 c2c4 e7e6 g1f3 f8b4	rnbqk2r/pppp1ppp/4pn2/8/1bPP4/5N2/PP2PPPP/RNBQKB1R w KQkq -
E11	Bogo-Indian Defense: Exchange Variation	1. d4 Nf6 2. c4 e6 3. Nf3 Bb4+ 4. Bd2 Bxd2+	d2d4 g8f6 c2c4 e7e6 g1f3 f8b4 c1d2 b4d2	rnbqk2r/pppp1ppp/4pn2/8/2PP4/5N2/PP1bPPPP/RN1QKB1R w KQkq -
E11	Bogo-Indian Defense: Grünfeld Variation	1. d4 Nf6 2. c4 e6 3. Nf3 Bb4+ 4. Nbd2	d2d4 g8f6 c2c4 e7e6 g1f3 f8b4 b1d2	rnbqk2r/pppp1ppp/4pn2/8/1bPP4/5N2/PP1NPPPP/R1BQKB1R b KQkq -
E11	Bogo-Indian Defense: Haiti Variation	1. d4 Nf6 2. c4 e6 3. Nf3 Bb4+ 4. Bd2 Nc6	d2d4 g8f6 c2c4 e7e6 g1f3 f8b4 c1d2 b8c6	r1bqk2r/pppp1ppp/2n1pn2/8/1bPP4/5N2/PP1BPPPP/RN1QKB1R w KQkq -
E11	Bogo-Indian Defense: Monticelli Trap	1. d4 Nf6 2. c4 e6 3. Nf3 b6 4. g3 Bb7 5. Bg2 Bb4+ 6. Bd2 Bxd2+ 7. Qxd2 O-O 8. Nc3 Ne4 9. Qc2 Nxc3 10. Ng5	d2d4 g8f6 c2c4 e7e6 g1f3 b7b6 g2g3 c8b7 f1g2 f8b4 c1d2 b4d2 d1d2 e8g8 b1c3 f6e4 d2c2 e4c3 f3g5	rn1q1rk1/pbpp1ppp/1p2p3/6N1/2PP4/2n3P1/PPQ1PPBP/R3K2R b KQ -
E11	Bogo-Indian Defense: New England Variation	1. d4 Nf6 2. c4 e6 3. Nf3 Bb4+ 4. Nfd2	d2d4 g8f6 c2c4 e7e6 g1f3 f8b4 f3d2	rnbqk2r/pppp1ppp/4pn2/8/1bPP4/8/PP1NPPPP/RNBQKB1R b KQkq -
E11	Bogo-Indian Defense: Nimzowitsch Variation	1. d4 Nf6 2. c4 e6 3. Nf3 Bb4+ 4. Bd2 Qe7	d2d4 g8f6 c2c4 e7e6 g1f3 f8b4 c1d2 d8e7	rnb1k2r/ppppqppp/4pn2/8/1bPP4/5N2/PP1BPPPP/RN1QKB1R w KQkq -
E11	Bogo-Indian Defense: Retreat Variation	1. d4 Nf6 2. c4 e6 3. Nf3 Bb4+ 4. Bd2 Be7	d2d4 g8f6 c2c4 e7e6 g1f3 f8b4 c1d2 b4e7	rnbqk2r/ppppbppp/4pn2/8/2PP4/5N2/PP1BPPPP/RN1QKB1R w KQkq -
E11	Bogo-Indian Defense: Vitolins Variation	1. d4 Nf6 2. c4 e6 3. Nf3 Bb4+ 4. Bd2 c5	d2d4 g8f6 c2c4 e7e6 g1f3 f8b4 c1d2 c7c5	rnbqk2r/pp1p1ppp/4pn2/2p5/1bPP4/5N2/PP1BPPPP/RN1QKB1R w KQkq -
E11	Bogo-Indian Defense: Wade-Smyslov Variation	1. d4 Nf6 2. c4 e6 3. Nf3 Bb4+ 4. Bd2 a5	d2d4 g8f6 c2c4 e7e6 g1f3 f8b4 c1d2 a7a5	rnbqk2r/1ppp1ppp/4pn2/p7/1bPP4/5N2/PP1BPPPP/RN1QKB1R w KQkq -
E12	Nimzo-Indian Defense: Three Knights Variation, Duchamp Variation	1. d4 Nf6 2. c4 e6 3. Nf3 b6 4. Nc3 Bb4	d2d4 g8f6 c2c4 e7e6 g1f3 b7b6 b1c3 f8b4	rnbqk2r/p1pp1ppp/1p2pn2/8/1bPP4/2N2N2/PP2PPPP/R1BQKB1R w KQkq -
E12	Nimzo-Indian Defense: Three Knights Variation, Duchamp Variation, Modern Line	1. d4 Nf6 2. c4 e6 3. Nf3 b6 4. Nc3 Bb4 5. Bg5 Bb7 6. Nd2	d2d4 g8f6 c2c4 e7e6 g1f3 b7b6 b1c3 f8b4 c1g5 c8b7 f3d2	rn1qk2r/pbpp1ppp/1p2pn2/6B1/1bPP4/2N5/PP1NPPPP/R2QKB1R b KQkq -
E12	Queen's Indian Defense	1. d4 Nf6 2. c4 e6 3. Nf3 b6	d2d4 g8f6 c2c4 e7e6 g1f3 b7b6	rnbqkb1r/p1pp1ppp/1p2pn2/8/2PP4/5N2/PP2PPPP/RNBQKB1R w KQkq -
E12	Queen's Indian Defense: Kasparov Variation	1. d4 Nf6 2. c4 e6 3. Nf3 b6 4. Nc3	d2d4 g8f6 c2c4 e7e6 g1f3 b7b6 b1c3	rnbqkb1r/p1pp1ppp/1p2pn2/8/2PP4/2N2N2/PP2PPPP/R1BQKB1R b KQkq -
E12	Queen's Indian Defense: Kasparov Variation, Botvinnik Attack	1. d4 Nf6 2. c4 e6 3. Nf3 b6 4. Nc3 Bb7 5. Bg5 h6 6. Bh4 g5 7. Bg3 Nh5	d2d4 g8f6 c2c4 e7e6 g1f3 b7b6 b1c3 c8b7 c1g5 h7h6 g5h4 g7g5 h4g3 f6h5	rn1qkb1r/pbpp1p2/1p2p2p/6pn/2PP4/2N2NB1/PP2PPPP/R2QKB1R w KQkq -
E12	Queen's Indian Defense: Kasparov-Petrosian Variation	1. d4 Nf6 2. c4 e6 3. Nf3 b6 4. a3 Bb7 5. Nc3	d2d4 g8f6 c2c4 e7e6 g1f3 b7b6 a2a3 c8b7 b1c3	rn1qkb1r/pbpp1ppp/1p2pn2/8/2PP4/P1N2N2/1P2PPPP/R1BQKB1R b KQkq -
E12	Queen's Indian Defense: Kasparov-Petrosian Variation, Andersson Variation	1. d4 Nf6 2. c4 e6 3. Nf3 b6 4. a3 Bb7 5. Nc3 Ne4	d2d4 g8f6 c2c4 e7e6 g1f3 b7b6 a2a3 c8b7 b1c3 f6e4	rn1qkb1r/pbpp1ppp/1p2p3/8/2PPn3/P1N2N2/1P2PPPP/R1BQKB1R w KQkq -
E12	Queen's Indian Defense: Kasparov-Petrosian Variation, Classical Variation	1. d4 Nf6 2. c4 e6 3. Nf3 b6 4. a3 Bb7 5. Nc3 d5 6. cxd5 exd5	d2d4 g8f6 c2c4 e7e6 g1f3 b7b6 a2a3 c8b7 b1c3 d7d5 c4d5 e6d5	rn1qkb1r/pbp2ppp/1p3n2/3p4/3P4/P1N2N2/1P2PPPP/R1BQKB1R w KQkq -
E12	Queen's Indian Defense: Kasparov-Petrosian Variation, Hedgehog Variation	1. d4 Nf6 2. c4 e6 3. Nf3 b6 4. a3 Bb7 5. Nc3 g6	d2d4 g8f6 c2c4 e7e6 g1f3 b7b6 a2a3 c8b7 b1c3 g7g6	rn1qkb1r/pbpp1p1p/1p2pnp1/8/2PP4/P1N2N2/1P2PPPP/R1BQKB1R w KQkq -
E12	Queen's Indian Defense: Kasparov-Petrosian Variation, Kasparov Attack	1. d4 Nf6 2. c4 e6 3. Nf3 b6 4. a3 Bb7 5. Nc3 d5 6. cxd5 Nxd5 7. Qc2	d2d4 g8f6 c2c4 e7e6 g1f3 b7b6 a2a3 c8b7 b1c3 d7d5 c4d5 f6d5 d1c2	rn1qkb1r/pbp2ppp/1p2p3/3n4/3P4/P1N2N2/1PQ1PPPP/R1B1KB1R b KQkq -
E12	Queen's Indian Defense: Kasparov-Petrosian Variation, Main Line	1. d4 Nf6 2. c4 e6 3. Nf3 b6 4. a3 Bb7 5. Nc3 d5	d2d4 g8f6 c2c4 e7e6 g1f3 b7b6 a2a3 c8b7 b1c3 d7d5	rn1qkb1r/pbp2ppp/1p2pn2/3p4/2PP4/P1N2N2/1P2PPPP/R1BQKB1R w KQkq -
E12	Queen's Indian Defense: Kasparov-Petrosian Variation, Marco Defense	1. d4 Nf6 2. c4 e6 3. Nf3 b6 4. a3 Bb7 5. Nc3 Be7	d2d4 g8f6 c2c4 e7e6 g1f3 b7b6 a2a3 c8b7 b1c3 f8e7	rn1qk2r/pbppbppp/1p2pn2/8/2PP4/P1N2N2/1P2PPPP/R1BQKB1R w KQkq -
E12	Queen's Indian Defense: Kasparov-Petrosian Variation, Modern Variation	1. d4 Nf6 2. c4 e6 3. Nf3 b6 4. a3 Bb7 5. Nc3 d5 6. cxd5 Nxd5	d2d4 g8f6 c2c4 e7e6 g1f3 b7b6 a2a3 c8b7 b1c3 d7d5 c4d5 f6d5	rn1qkb1r/pbp2ppp/1p2p3/3n4/3P4/P1N2N2/1P2PPPP/R1BQKB1R w KQkq -
E12	Queen's Indian Defense: Kasparov-Petrosian Variation, Petrosian Attack	1. d4 Nf6 2. c4 e6 3. Nf3 b6 4. a3 Bb7 5. Nc3 d5 6. cxd5 Nxd5 7. e3	d2d4 g8f6 c2c4 e7e6 g1f3 b7b6 a2a3 c8b7 b1c3 d7d5 c4d5 f6d5 e2e3	rn1qkb1r/pbp2ppp/1p2p3/3n4/3P4/P1N1PN2/1P3PPP/R1BQKB1R b KQkq -
E12	Queen's Indian Defense: Kasparov-Petrosian Variation, Polovodin Gambit	1. d4 Nf6 2. c4 e6 3. Nf3 b6 4. Nc3 Bb7 5. a3 d5 6. cxd5 Nxd5 7. e4	d2d4 g8f6 c2c4 e7e6 g1f3 b7b6 b1c3 c8b7 a2a3 d7d5 c4d5 f6d5 e2e4	rn1qkb1r/pbp2ppp/1p2p3/3n4/3PP3/P1N2N2/1P3PPP/R1BQKB1R b KQkq -
E12	Queen's Indian Defense: Kasparov-Petrosian Variation, Rashkovsky Attack	1. d4 Nf6 2. c4 e6 3. Nf3 b6 4. a3 Bb7 5. Nc3 d5 6. cxd5 Nxd5 7. Qa4+	d2d4 g8f6 c2c4 e7e6 g1f3 b7b6 a2a3 c8b7 b1c3 d7d5 c4d5 f6d5 d1a4	rn1qkb1r/pbp2ppp/1p2p3/3n4/Q2P4/P1N2N2/1P2PPPP/R1B1KB1R b KQkq -
E12	Queen's Indian Defense: Kasparov-Petrosian Variation, Romanishin Attack	1. d4 Nf6 2. c4 e6 3. Nf3 b6 4. a3 Bb7 5. Nc3 d5 6. cxd5 Nxd5 7. Bd2	d2d4 g8f6 c2c4 e7e6 g1f3 b7b6 a2a3 c8b7 b1c3 d7d5 c4d5 f6d5 c1d2	rn1qkb1r/pbp2ppp/1p2p3/3n4/3P4/P1N2N2/1P1BPPPP/R2QKB1R b KQkq -
E12	Queen's Indian Defense: Miles Variation	1. d4 Nf6 2. c4 e6 3. Nf3 b6 4. Bf4	d2d4 g8f6 c2c4 e7e6 g1f3 b7b6 c1f4	rnbqkb1r/p1pp1ppp/1p2pn2/8/2PP1B2/5N2/PP2PPPP/RN1QKB1R b KQkq -
E12	Queen's Indian Defense: Petrosian Variation	1. d4 Nf6 2. c4 e6 3. Nf3 b6 4. a3	d2d4 g8f6 c2c4 e7e6 g1f3 b7b6 a2a3	rnbqkb1r/p1pp1ppp/1p2pn2/8/2PP4/P4N2/1P2PPPP/RNBQKB1R b KQkq -
E12	Queen's Indian Defense: Petrosian Variation, Farago Defense	1. d4 Nf6 2. c4 e6 3. Nf3 b6 4. a3 Ba6 5. Qc2 Bb7	d2d4 g8f6 c2c4 e7e6 g1f3 b7b6 a2a3 c8a6 d1c2 a6b7	rn1qkb1r/pbpp1ppp/1p2pn2/8/2PP4/P4N2/1PQ1PPPP/RNB1KB1R w KQkq -
E13	Queen's Indian Defense: Kasparov Variation	1. d4 Nf6 2. c4 e6 3. Nf3 b6 4. Nc3 Bb4 5. Bg5 h6 6. Bh4 Bb7	d2d4 g8f6 c2c4 e7e6 g1f3 b7b6 b1c3 f8b4 c1g5 h7h6 g5h4 c8b7	rn1qk2r/pbpp1pp1/1p2pn1p/8/1bPP3B/2N2N2/PP2PPPP/R2QKB1R w KQkq -
E14	Queen's Indian Defense: Averbakh Variation	1. d4 Nf6 2. c4 e6 3. Nf3 b6 4. e3 Bb7 5. Bd3 c5 6. O-O Be7 7. b3 O-O 8. Bb2 cxd4 9. Nxd4	d2d4 g8f6 c2c4 e7e6 g1f3 b7b6 e2e3 c8b7 f1d3 c7c5 e1g1 f8e7 b2b3 e8g8 c1b2 c5d4 f3d4	rn1q1rk1/pb1pbppp/1p2pn2/8/2PN4/1P1BP3/PB3PPP/RN1Q1RK1 b - -
E14	Queen's Indian Defense: Spassky System	1. d4 Nf6 2. c4 e6 3. Nf3 b6 4. e3	d2d4 g8f6 c2c4 e7e6 g1f3 b7b6 e2e3	rnbqkb1r/p1pp1ppp/1p2pn2/8/2PP4/4PN2/PP3PPP/RNBQKB1R b KQkq -
E15	Queen's Indian Defense: Buerger Variation	1. d4 Nf6 2. c4 e6 3. Nf3 b6 4. g3 Bb7 5. Bg2 c5 6. d5 exd5 7. Ng5	d2d4 g8f6 c2c4 e7e6 g1f3 b7b6 g2g3 c8b7 f1g2 c7c5 d4d5 e6d5 f3g5	rn1qkb1r/pb1p1ppp/1p3n2/2pp2N1/2P5/6P1/PP2PPBP/RNBQK2R b KQkq -
E15	Queen's Indian Defense: Fianchetto Variation	1. d4 Nf6 2. c4 e6 3. Nf3 b6 4. g3	d2d4 g8f6 c2c4 e7e6 g1f3 b7b6 g2g3	rnbqkb1r/p1pp1ppp/1p2pn2/8/2PP4/5NP1/PP2PP1P/RNBQKB1R b KQkq -
E15	Queen's Indian Defense: Fianchetto Variation, Check Variation	1. d4 Nf6 2. c4 e6 3. Nf3 b6 4. g3 Ba6 5. b3 Bb4+	d2d4 g8f6 c2c4 e7e6 g1f3 b7b6 g2g3 c8a6 b2b3 f8b4	rn1qk2r/p1pp1ppp/bp2pn2/8/1bPP4/1P3NP1/P3PP1P/RNBQKB1R w KQkq -
E15	Queen's Indian Defense: Fianchetto Variation, Check Variation, Intermezzo Line	1. d4 Nf6 2. c4 e6 3. Nf3 b6 4. g3 Ba6 5. b3 Bb4+ 6. Bd2 Be7	d2d4 g8f6 c2c4 e7e6 g1f3 b7b6 g2g3 c8a6 b2b3 f8b4 c1d2 b4e7	rn1qk2r/p1ppbppp/bp2pn2/8/2PP4/1P3NP1/P2BPP1P/RN1QKB1R w KQkq -
E15	Queen's Indian Defense: Fianchetto Variation, Check Variation, Modern Line	1. d4 Nf6 2. c4 e6 3. Nf3 b6 4. g3 Ba6 5. b3 Bb4+ 6. Bd2 Qe7	d2d4 g8f6 c2c4 e7e6 g1f3 b7b6 g2g3 c8a6 b2b3 f8b4 c1d2 d8e7	rn2k2r/p1ppqppp/bp2pn2/8/1bPP4/1P3NP1/P2BPP1P/RN1QKB1R w KQkq -
E15	Queen's Indian Defense: Fianchetto Variation, Nimzowitsch Variation	1. d4 Nf6 2. c4 e6 3. Nf3 b6 4. g3 Ba6	d2d4 g8f6 c2c4 e7e6 g1f3 b7b6 g2g3 c8a6	rn1qkb1r/p1pp1ppp/bp2pn2/8/2PP4/5NP1/PP2PP1P/RNBQKB1R w KQkq -
E15	Queen's Indian Defense: Fianchetto Variation, Nimzowitsch Variation, Nimzowitsch Attack	1. d4 Nf6 2. c4 e6 3. Nf3 b6 4. g3 Ba6 5. Qa4	d2d4 g8f6 c2c4 e7e6 g1f3 b7b6 g2g3 c8a6 d1a4	rn1qkb1r/p1pp1ppp/bp2pn2/8/Q1PP4/5NP1/PP2PP1P/RNB1KB1R b KQkq -
E15	Queen's Indian Defense: Fianchetto Variation, Nimzowitsch Variation, Quiet Line	1. d4 Nf6 2. c4 e6 3. Nf3 b6 4. g3 Ba6 5. b3	d2d4 g8f6 c2c4 e7e6 g1f3 b7b6 g2g3 c8a6 b2b3	rn1qkb1r/p1pp1ppp/bp2pn2/8/2PP4/1P3NP1/P3PP1P/RNBQKB1R b KQkq -
E15	Queen's Indian Defense: Fianchetto Variation, Nimzowitsch Variation, Timman's Line	1. d4 Nf6 2. c4 e6 3. Nf3 b6 4. g3 Ba6 5. Qb3	d2d4 g8f6 c2c4 e7e6 g1f3 b7b6 g2g3 c8a6 d1b3	rn1qkb1r/p1pp1ppp/bp2pn2/8/2PP4/1Q3NP1/PP2PP1P/RNB1KB1R b KQkq -
E15	Queen's Indian Defense: Fianchetto Variation, Rubinstein Variation	1. d4 Nf6 2. c4 e6 3. Nf3 b6 4. g3 Bb7 5. Bg2 c5 6. d5 exd5 7. Nh4	d2d4 g8f6 c2c4 e7e6 g1f3 b7b6 g2g3 c8b7 f1g2 c7c5 d4d5 e6d5 f3h4	rn1qkb1r/pb1p1ppp/1p3n2/2pp4/2P4N/6P1/PP2PPBP/RNBQK2R b KQkq -
E15	Queen's Indian Defense: Fianchetto Variation, Sämisch Variation	1. d4 Nf6 2. c4 e6 3. Nf3 b6 4. g3 Bb7 5. Bg2 c5	d2d4 g8f6 c2c4 e7e6 g1f3 b7b6 g2g3 c8b7 f1g2 c7c5	rn1qkb1r/pb1p1ppp/1p2pn2/2p5/2PP4/5NP1/PP2PPBP/RNBQK2R w KQkq -
E15	Queen's Indian Defense: Fianchetto Variation, Traditional Line	1. d4 Nf6 2. c4 e6 3. Nf3 b6 4. g3 Bb7	d2d4 g8f6 c2c4 e7e6 g1f3 b7b6 g2g3 c8b7	rn1qkb1r/pbpp1ppp/1p2pn2/8/2PP4/5NP1/PP2PP1P/RNBQKB1R w KQkq -
E16	Queen's Indian Defense: Capablanca Variation	1. d4 Nf6 2. c4 e6 3. Nf3 b6 4. g3 Bb7 5. Bg2 Bb4+	d2d4 g8f6 c2c4 e7e6 g1f3 b7b6 g2g3 c8b7 f1g2 f8b4	rn1qk2r/pbpp1ppp/1p2pn2/8/1bPP4/5NP1/PP2PPBP/RNBQK2R w KQkq -
E16	Queen's Indian Defense: Riumin Variation	1. d4 Nf6 2. c4 e6 3. Nf3 b6 4. g3 Bb7 5. Bg2 Bb4+ 6. Bd2 Be7	d2d4 g8f6 c2c4 e7e6 g1f3 b7b6 g2g3 c8b7 f1g2 f8b4 c1d2 b4e7	rn1qk2r/pbppbppp/1p2pn2/8/2PP4/5NP1/PP1BPPBP/RN1QK2R w KQkq -
E16	Queen's Indian Defense: Yates Variation	1. d4 Nf6 2. c4 e6 3. Nf3 Bb4+ 4. Bd2 a5 5. g3 b6 6. Bg2 Bb7	d2d4 g8f6 c2c4 e7e6 g1f3 f8b4 c1d2 a7a5 g2g3 b7b6 f1g2 c8b7	rn1qk2r/1bpp1ppp/1p2pn2/p7/1bPP4/5NP1/PP1BPPBP/RN1QK2R w KQkq -
E17	Queen's Indian Defense: Anti-Queen's Indian System	1. d4 Nf6 2. c4 e6 3. Nf3 b6 4. g3 Bb7 5. Bg2 Be7 6. Nc3	d2d4 g8f6 c2c4 e7e6 g1f3 b7b6 g2g3 c8b7 f1g2 f8e7 b1c3	rn1qk2r/pbppbppp/1p2pn2/8/2PP4/2N2NP1/PP2PPBP/R1BQK2R b KQkq -
E17	Queen's Indian Defense: Classical Variation	1. d4 Nf6 2. c4 e6 3. Nf3 b6 4. g3 Bb7 5. Bg2 Be7 6. O-O	d2d4 g8f6 c2c4 e7e6 g1f3 b7b6 g2g3 c8b7 f1g2 f8e7 e1g1	rn1qk2r/pbppbppp/1p2pn2/8/2PP4/5NP1/PP2PPBP/RNBQ1RK1 b kq -
E17	Queen's Indian Defense: Classical Variation, Polugaevsky Gambit	1. d4 Nf6 2. c4 e6 3. Nf3 b6 4. g3 Bb7 5. Bg2 Be7 6. O-O O-O 7. d5 exd5 8. Nh4	d2d4 g8f6 c2c4 e7e6 g1f3 b7b6 g2g3 c8b7 f1g2 f8e7 e1g1 e8g8 d4d5 e6d5 f3h4	rn1q1rk1/pbppbppp/1p3n2/3p4/2P4N/6P1/PP2PPBP/RNBQ1RK1 b - -
E17	Queen's Indian Defense: Classical Variation, Taimanov Gambit	1. d4 Nf6 2. c4 e6 3. Nf3 b6 4. g3 Bb7 5. Bg2 Be7 6. O-O O-O 7. d5 exd5 8. Nd4	d2d4 g8f6 c2c4 e7e6 g1f3 b7b6 g2g3 c8b7 f1g2 f8e7 e1g1 e8g8 d4d5 e6d5 f3d4	rn1q1rk1/pbppbppp/1p3n2/3p4/2PN4/6P1/PP2PPBP/RNBQ1RK1 b - -
E17	Queen's Indian Defense: Euwe Variation	1. d4 Nf6 2. c4 e6 3. Nf3 b6 4. g3 Bb7 5. Bg2 Be7 6. O-O O-O 7. b3	d2d4 g8f6 c2c4 e7e6 g1f3 b7b6 g2g3 c8b7 f1g2 f8e7 e1g1 e8g8 b2b3	rn1q1rk1/pbppbppp/1p2pn2/8/2PP4/1P3NP1/P3PPBP/RNBQ1RK1 b - -
E17	Queen's Indian Defense: Fianchetto Variation, Kramnik Variation	1. d4 Nf6 2. c4 e6 3. Nf3 b6 4. g3 Bb7 5. Bg2 Be7 6. O-O O-O 7. Re1	d2d4 g8f6 c2c4 e7e6 g1f3 b7b6 g2g3 c8b7 f1g2 f8e7 e1g1 e8g8 f1e1	rn1q1rk1/pbppbppp/1p2pn2/8/2PP4/5NP1/PP2PPBP/RNBQR1K1 b - -
E17	Queen's Indian Defense: Opocensky Variation	1. d4 Nf6 2. c4 e6 3. Nf3 b6 4. g3 Bb7 5. Bg2 Be7 6. Nc3 Ne4 7. Bd2	d2d4 g8f6 c2c4 e7e6 g1f3 b7b6 g2g3 c8b7 f1g2 f8e7 b1c3 f6e4 c1d2	rn1qk2r/pbppbppp/1p2p3/8/2PPn3/2N2NP1/PP1BPPBP/R2QK2R b KQkq -
E17	Queen's Indian Defense: Traditional Variation	1. d4 Nf6 2. c4 e6 3. Nf3 b6 4. g3 Bb7 5. Bg2 Be7	d2d4 g8f6 c2c4 e7e6 g1f3 b7b6 g2g3 c8b7 f1g2 f8e7	rn1qk2r/pbppbppp/1p2pn2/8/2PP4/5NP1/PP2PPBP/RNBQK2R w KQkq -
E18	Queen's Indian Defense: Classical Variation, Tiviakov Defense	1. d4 Nf6 2. c4 e6 3. Nf3 b6 4. g3 Bb7 5. Bg2 Be7 6. O-O O-O 7. Nc3 Na6	d2d4 g8f6 c2c4 e7e6 g1f3 b7b6 g2g3 c8b7 f1g2 f8e7 e1g1 e8g8 b1c3 b8a6	r2q1rk1/pbppbppp/np2pn2/8/2PP4/2N2NP1/PP2PPBP/R1BQ1RK1 w - -
E18	Queen's Indian Defense: Classical Variation, Traditional Variation	1. d4 Nf6 2. c4 e6 3. Nf3 b6 4. g3 Bb7 5. Bg2 Be7 6. O-O O-O 7. Nc3	d2d4 g8f6 c2c4 e7e6 g1f3 b7b6 g2g3 c8b7 f1g2 f8e7 e1g1 e8g8 b1c3	rn1q1rk1/pbppbppp/1p2pn2/8/2PP4/2N2NP1/PP2PPBP/R1BQ1RK1 b - -
E18	Queen's Indian Defense: Classical Variation, Traditional Variation, Nimzowitsch Line	1. d4 Nf6 2. c4 e6 3. Nf3 b6 4. g3 Bb7 5. Bg2 Be7 6. O-O O-O 7. Nc3 d5	d2d4 g8f6 c2c4 e7e6 g1f3 b7b6 g2g3 c8b7 f1g2 f8e7 e1g1 e8g8 b1c3 d7d5	rn1q1rk1/pbp1bppp/1p2pn2/3p4/2PP4/2N2NP1/PP2PPBP/R1BQ1RK1 w - -
E19	Queen's Indian Defense: Classical Variation, Traditional Variation, Main Line	1. d4 Nf6 2. c4 e6 3. Nf3 b6 4. g3 Bb7 5. Bg2 Be7 6. O-O O-O 7. Nc3 Ne4 8. Qc2 Nxc3 9. Qxc3	d2d4 g8f6 c2c4 e7e6 g1f3 b7b6 g2g3 c8b7 f1g2 f8e7 e1g1 e8g8 b1c3 f6e4 d1c2 e4c3 c2c3	rn1q1rk1/pbppbppp/1p2p3/8/2PP4/2Q2NP1/PP2PPBP/R1B2RK1 b - -
E20	Nimzo-Indian Defense	1. d4 Nf6 2. c4 e6 3. Nc3 Bb4	d2d4 g8f6 c2c4 e7e6 b1c3 f8b4	rnbqk2r/pppp1ppp/4pn2/8/1bPP4/2N5/PP2PPPP/R1BQKBNR w KQkq -
E20	Nimzo-Indian Defense: Kmoch Variation	1. d4 Nf6 2. c4 e6 3. Nc3 Bb4 4. f3	d2d4 g8f6 c2c4 e7e6 b1c3 f8b4 f2f3	rnbqk2r/pppp1ppp/4pn2/8/1bPP4/2N2P2/PP2P1PP/R1BQKBNR b KQkq -
E20	Nimzo-Indian Defense: Mikenas Attack	1. d4 Nf6 2. c4 e6 3. Nc3 Bb4 4. Qd3	d2d4 g8f6 c2c4 e7e6 b1c3 f8b4 d1d3	rnbqk2r/pppp1ppp/4pn2/8/1bPP4/2NQ4/PP2PPPP/R1B1KBNR b KQkq -
E20	Nimzo-Indian Defense: Romanishin Variation	1. d4 Nf6 2. c4 e6 3. Nc3 Bb4 4. g3	d2d4 g8f6 c2c4 e7e6 b1c3 f8b4 g2g3	rnbqk2r/pppp1ppp/4pn2/8/1bPP4/2N3P1/PP2PP1P/R1BQKBNR b KQkq -
E20	Nimzo-Indian Defense: Romanishin Variation	1. d4 Nf6 2. c4 e6 3. Nc3 Bb4 4. Nf3 c5 5. g3 O-O 6. Bg2	d2d4 g8f6 c2c4 e7e6 b1c3 f8b4 g1f3 c7c5 g2g3 e8g8 f1g2	rnbq1rk1/pp1p1ppp/4pn2/2p5/1bPP4/2N2NP1/PP2PPBP/R1BQK2R b KQ -
E20	Nimzo-Indian Defense: Romanishin Variation, English Hybrid	1. d4 Nf6 2. c4 e6 3. Nc3 Bb4 4. Nf3 c5 5. g3 cxd4 6. Nxd4 O-O 7. Bg2 d5 8. cxd5 Nxd5	d2d4 g8f6 c2c4 e7e6 b1c3 f8b4 g1f3 c7c5 g2g3 c5d4 f3d4 e8g8 f1g2 d7d5 c4d5 f6d5	rnbq1rk1/pp3ppp/4p3/3n4/1b1N4/2N3P1/PP2PPBP/R1BQK2R w KQ -
E21	Nimzo-Indian Defense: Three Knights Variation	1. d4 Nf6 2. c4 e6 3. Nc3 Bb4 4. Nf3	d2d4 g8f6 c2c4 e7e6 b1c3 f8b4 g1f3	rnbqk2r/pppp1ppp/4pn2/8/1bPP4/2N2N2/PP2PPPP/R1BQKB1R b KQkq -
E21	Nimzo-Indian Defense: Three Knights Variation, Euwe Variation	1. d4 Nf6 2. c4 e6 3. Nc3 Bb4 4. Nf3 c5 5. d5 Ne4	d2d4 g8f6 c2c4 e7e6 b1c3 f8b4 g1f3 c7c5 d4d5 f6e4	rnbqk2r/pp1p1ppp/4p3/2pP4/1bP1n3/2N2N2/PP2PPPP/R1BQKB1R w KQkq -
E21	Nimzo-Indian Defense: Three Knights Variation, Korchnoi Variation	1. d4 Nf6 2. c4 e6 3. Nc3 Bb4 4. Nf3 c5 5. d5	d2d4 g8f6 c2c4 e7e6 b1c3 f8b4 g1f3 c7c5 d4d5	rnbqk2r/pp1p1ppp/4pn2/2pP4/1bP5/2N2N2/PP2PPPP/R1BQKB1R b KQkq -
E21	Nimzo-Indian Defense: Three Knights Variation, Shocron Gambit	1. d4 Nf6 2. c4 e6 3. Nf3 Bb4+ 4. Nc3 c5 5. d5 b5	d2d4 g8f6 c2c4 e7e6 g1f3 f8b4 b1c3 c7c5 d4d5 b7b5	rnbqk2r/p2p1ppp/4pn2/1ppP4/1bP5/2N2N2/PP2PPPP/R1BQKB1R w KQkq -
E22	Nimzo-Indian Defense: Spielmann Variation	1. d4 Nf6 2. c4 e6 3. Nc3 Bb4 4. Qb3	d2d4 g8f6 c2c4 e7e6 b1c3 f8b4 d1b3	rnbqk2r/pppp1ppp/4pn2/8/1bPP4/1QN5/PP2PPPP/R1B1KBNR b KQkq -
E23	Nimzo-Indian Defense: Spielmann Variation, Karlsbad Variation	1. d4 Nf6 2. c4 e6 3. Nc3 Bb4 4. Qb3 c5 5. dxc5 Nc6 6. Nf3 Ne4 7. Bd2 Nxd2	d2d4 g8f6 c2c4 e7e6 b1c3 f8b4 d1b3 c7c5 d4c5 b8c6 g1f3 f6e4 c1d2 e4d2	r1bqk2r/pp1p1ppp/2n1p3/2P5/1bP5/1QN2N2/PP1nPPPP/R3KB1R w KQkq -
E23	Nimzo-Indian Defense: Spielmann Variation, Romanovsky Gambit	1. d4 Nf6 2. c4 e6 3. Nc3 Bb4 4. Qb3 c5 5. dxc5 Nc6	d2d4 g8f6 c2c4 e7e6 b1c3 f8b4 d1b3 c7c5 d4c5 b8c6	r1bqk2r/pp1p1ppp/2n1pn2/2P5/1bP5/1QN5/PP2PPPP/R1B1KBNR w KQkq -
E23	Nimzo-Indian Defense: Spielmann Variation, Stahlberg Variation	1. d4 Nf6 2. c4 e6 3. Nc3 Bb4 4. Qb3 c5 5. dxc5 Nc6 6. Nf3 Ne4 7. Bd2 Nxc5	d2d4 g8f6 c2c4 e7e6 b1c3 f8b4 d1b3 c7c5 d4c5 b8c6 g1f3 f6e4 c1d2 e4c5	r1bqk2r/pp1p1ppp/2n1p3/2n5/1bP5/1QN2N2/PP1BPPPP/R3KB1R w KQkq -
E23	Nimzo-Indian Defense: Spielmann Variation, Stahlberg Variation	1. d4 Nf6 2. c4 e6 3. Nc3 Bb4 4. Qb3 c5 5. dxc5 Nc6 6. Nf3 Ne4 7. Bd2 Nxc5 8. Qc2 f5 9. g3	d2d4 g8f6 c2c4 e7e6 b1c3 f8b4 d1b3 c7c5 d4c5 b8c6 g1f3 f6e4 c1d2 e4c5 b3c2 f7f5 g2g3	r1bqk2r/pp1p2pp/2n1p3/2n2p2/1bP5/2N2NP1/PPQBPP1P/R3KB1R b KQkq -
E24	Nimzo-Indian Defense: Sämisch Variation, Accelerated	1. d4 Nf6 2. c4 e6 3. Nc3 Bb4 4. a3 Bxc3+ 5. bxc3	d2d4 g8f6 c2c4 e7e6 b1c3 f8b4 a2a3 b4c3 b2c3	rnbqk2r/pppp1ppp/4pn2/8/2PP4/P1P5/4PPPP/R1BQKBNR b KQkq -
E24	Nimzo-Indian Defense: Sämisch Variation, Botvinnik Variation	1. d4 Nf6 2. c4 e6 3. Nc3 Bb4 4. f3 d5 5. a3 Bxc3+ 6. bxc3 c5 7. e3 O-O 8. cxd5 Nxd5	d2d4 g8f6 c2c4 e7e6 b1c3 f8b4 f2f3 d7d5 a2a3 b4c3 b2c3 c7c5 e2e3 e8g8 c4d5 f6d5	rnbq1rk1/pp3ppp/4p3/2pn4/3P4/P1P1PP2/6PP/R1BQKBNR w KQ -
E25	Nimzo-Indian Defense: Sämisch Variation	1. d4 Nf6 2. c4 e6 3. Nc3 Bb4 4. f3 d5 5. a3 Bxc3+ 6. bxc3 c5 7. cxd5	d2d4 g8f6 c2c4 e7e6 b1c3 f8b4 f2f3 d7d5 a2a3 b4c3 b2c3 c7c5 c4d5	rnbqk2r/pp3ppp/4pn2/2pP4/3P4/P1P2P2/4P1PP/R1BQKBNR b KQkq -
E25	Nimzo-Indian Defense: Sämisch Variation, Keres Variation	1. d4 Nf6 2. c4 e6 3. Nc3 Bb4 4. f3 d5 5. a3 Bxc3+ 6. bxc3 c5 7. cxd5 Nxd5 8. dxc5	d2d4 g8f6 c2c4 e7e6 b1c3 f8b4 f2f3 d7d5 a2a3 b4c3 b2c3 c7c5 c4d5 f6d5 d4c5	rnbqk2r/pp3ppp/4p3/2Pn4/8/P1P2P2/4P1PP/R1BQKBNR b KQkq -
E25	Nimzo-Indian Defense: Sämisch Variation, Romanovsky Variation	1. d4 Nf6 2. c4 e6 3. Nc3 Bb4 4. f3 d5 5. a3 Bxc3+ 6. bxc3 c5 7. cxd5 Nxd5 8. dxc5 f5	d2d4 g8f6 c2c4 e7e6 b1c3 f8b4 f2f3 d7d5 a2a3 b4c3 b2c3 c7c5 c4d5 f6d5 d4c5 f7f5	rnbqk2r/pp4pp/4p3/2Pn1p2/8/P1P2P2/4P1PP/R1BQKBNR w KQkq -
E26	Nimzo-Indian Defense: Sämisch Variation	1. d4 Nf6 2. c4 e6 3. Nc3 Bb4 4. a3 Bxc3+ 5. bxc3 c5 6. e3	d2d4 g8f6 c2c4 e7e6 b1c3 f8b4 a2a3 b4c3 b2c3 c7c5 e2e3	rnbqk2r/pp1p1ppp/4pn2/2p5/2PP4/P1P1P3/5PPP/R1BQKBNR b KQkq -
E26	Nimzo-Indian Defense: Sämisch Variation, O'Kelly Variation	1. d4 Nf6 2. c4 e6 3. Nc3 Bb4 4. a3 Bxc3+ 5. bxc3 c5 6. e3 b6	d2d4 g8f6 c2c4 e7e6 b1c3 f8b4 a2a3 b4c3 b2c3 c7c5 e2e3 b7b6	rnbqk2r/p2p1ppp/1p2pn2/2p5/2PP4/P1P1P3/5PPP/R1BQKBNR w KQkq -
E27	Nimzo-Indian Defense: Sämisch Variation	1. d4 Nf6 2. c4 e6 3. Nc3 Bb4 4. a3 Bxc3+ 5. bxc3 O-O	d2d4 g8f6 c2c4 e7e6 b1c3 f8b4 a2a3 b4c3 b2c3 e8g8	rnbq1rk1/pppp1ppp/4pn2/8/2PP4/P1P5/4PPPP/R1BQKBNR w KQ -
E28	Nimzo-Indian Defense: Sämisch Variation	1. d4 Nf6 2. c4 e6 3. Nc3 Bb4 4. e3 O-O 5. a3 Bxc3+ 6. bxc3	d2d4 g8f6 c2c4 e7e6 b1c3 f8b4 e2e3 e8g8 a2a3 b4c3 b2c3	rnbq1rk1/pppp1ppp/4pn2/8/2PP4/P1P1P3/5PPP/R1BQKBNR b KQ -
E29	Nimzo-Indian Defense: Sämisch Variation	1. d4 Nf6 2. c4 e6 3. Nc3 Bb4 4. e3 c5 5. Bd3 Nc6 6. a3 Bxc3+ 7. bxc3 O-O	d2d4 g8f6 c2c4 e7e6 b1c3 f8b4 e2e3 c7c5 f1d3 b8c6 a2a3 b4c3 b2c3 e8g8	r1bq1rk1/pp1p1ppp/2n1pn2/2p5/2PP4/P1PBP3/5PPP/R1BQK1NR w KQ -
E29	Nimzo-Indian Defense: Sämisch Variation, Capablanca Variation	1. d4 Nf6 2. c4 e6 3. Nc3 Bb4 4. e3 c5 5. Bd3 Nc6 6. a3 Bxc3+ 7. bxc3 O-O 8. Ne2 b6 9. e4 Ne8	d2d4 g8f6 c2c4 e7e6 b1c3 f8b4 e2e3 c7c5 f1d3 b8c6 a2a3 b4c3 b2c3 e8g8 g1e2 b7b6 e3e4 f6e8	r1bqnrk1/p2p1ppp/1pn1p3/2p5/2PPP3/P1PB4/4NPPP/R1BQK2R w KQ -
E30	Nimzo-Indian Defense: Leningrad Variation	1. d4 Nf6 2. c4 e6 3. Nc3 Bb4 4. Bg5	d2d4 g8f6 c2c4 e7e6 b1c3 f8b4 c1g5	rnbqk2r/pppp1ppp/4pn2/6B1/1bPP4/2N5/PP2PPPP/R2QKBNR b KQkq -
E30	Nimzo-Indian Defense: Leningrad Variation, Averbakh Gambit	1. d4 Nf6 2. c4 e6 3. Nc3 Bb4 4. Bg5 h6 5. Bh4 c5 6. d5 b5	d2d4 g8f6 c2c4 e7e6 b1c3 f8b4 c1g5 h7h6 g5h4 c7c5 d4d5 b7b5	rnbqk2r/p2p1pp1/4pn1p/1ppP4/1bP4B/2N5/PP2PPPP/R2QKBNR w KQkq -
E31	Nimzo-Indian Defense: Leningrad Variation, Benoni Defense	1. d4 Nf6 2. c4 e6 3. Nc3 Bb4 4. Bg5 h6 5. Bh4 c5 6. d5 d6	d2d4 g8f6 c2c4 e7e6 b1c3 f8b4 c1g5 h7h6 g5h4 c7c5 d4d5 d7d6	rnbqk2r/pp3pp1/3ppn1p/2pP4/1bP4B/2N5/PP2PPPP/R2QKBNR w KQkq -
E32	Nimzo-Indian Defense: Classical Variation	1. d4 Nf6 2. c4 e6 3. Nc3 Bb4 4. Qc2	d2d4 g8f6 c2c4 e7e6 b1c3 f8b4 d1c2	rnbqk2r/pppp1ppp/4pn2/8/1bPP4/2N5/PPQ1PPPP/R1B1KBNR b KQkq -
E32	Nimzo-Indian Defense: Classical Variation, Keres Defense	1. d4 Nf6 2. c4 e6 3. Nc3 Bb4 4. Qc2 O-O 5. a3 Bxc3+ 6. Qxc3 b6	d2d4 g8f6 c2c4 e7e6 b1c3 f8b4 d1c2 e8g8 a2a3 b4c3 c2c3 b7b6	rnbq1rk1/p1pp1ppp/1p2pn2/8/2PP4/P1Q5/1P2PPPP/R1B1KBNR w KQ -
E32	Nimzo-Indian Defense: Classical Variation, Vitolins-Adorjan Gambit	1. d4 Nf6 2. c4 e6 3. Nc3 Bb4 4. Qc2 O-O 5. a3 Bxc3+ 6. Qxc3 b5	d2d4 g8f6 c2c4 e7e6 b1c3 f8b4 d1c2 e8g8 a2a3 b4c3 c2c3 b7b5	rnbq1rk1/p1pp1ppp/4pn2/1p6/2PP4/P1Q5/1P2PPPP/R1B1KBNR w KQ -
E33	Nimzo-Indian Defense: Classical Variation, Milner-Barry Variation	1. d4 Nf6 2. c4 e6 3. Nc3 Bb4 4. Qc2 Nc6 5. Nf3 d6	d2d4 g8f6 c2c4 e7e6 b1c3 f8b4 d1c2 b8c6 g1f3 d7d6	r1bqk2r/ppp2ppp/2nppn2/8/1bPP4/2N2N2/PPQ1PPPP/R1B1KB1R w KQkq -
E33	Nimzo-Indian Defense: Classical Variation, Zurich Variation	1. d4 Nf6 2. c4 e6 3. Nc3 Bb4 4. Qc2 Nc6	d2d4 g8f6 c2c4 e7e6 b1c3 f8b4 d1c2 b8c6	r1bqk2r/pppp1ppp/2n1pn2/8/1bPP4/2N5/PPQ1PPPP/R1B1KBNR w KQkq -
E34	Nimzo-Indian Defense: Classical Variation, Belyavsky Gambit	1. d4 Nf6 2. c4 e6 3. Nc3 Bb4 4. Qc2 d5 5. cxd5 Qxd5 6. Nf3 Qf5 7. Qd1 e5	d2d4 g8f6 c2c4 e7e6 b1c3 f8b4 d1c2 d7d5 c4d5 d8d5 g1f3 d5f5 c2d1 e6e5	rnb1k2r/ppp2ppp/5n2/4pq2/1b1P4/2N2N2/PP2PPPP/R1BQKB1R w KQkq -
E34	Nimzo-Indian Defense: Classical Variation, Noa Variation	1. d4 Nf6 2. c4 e6 3. Nc3 Bb4 4. Qc2 d5	d2d4 g8f6 c2c4 e7e6 b1c3 f8b4 d1c2 d7d5	rnbqk2r/ppp2ppp/4pn2/3p4/1bPP4/2N5/PPQ1PPPP/R1B1KBNR w KQkq -
E35	Nimzo-Indian Defense: Classical Variation, Noa Variation	1. d4 Nf6 2. c4 e6 3. Nc3 Bb4 4. Qc2 d5 5. cxd5 exd5	d2d4 g8f6 c2c4 e7e6 b1c3 f8b4 d1c2 d7d5 c4d5 e6d5	rnbqk2r/ppp2ppp/5n2/3p4/1b1P4/2N5/PPQ1PPPP/R1B1KBNR w KQkq -
E36	Nimzo-Indian Defense: Classical Variation, Noa Variation	1. d4 Nf6 2. c4 e6 3. Nc3 Bb4 4. Qc2 d5 5. a3	d2d4 g8f6 c2c4 e7e6 b1c3 f8b4 d1c2 d7d5 a2a3	rnbqk2r/ppp2ppp/4pn2/3p4/1bPP4/P1N5/1PQ1PPPP/R1B1KBNR b KQkq -
E36	Nimzo-Indian Defense: Classical Variation, Noa Variation, Botvinnik Variation	1. d4 Nf6 2. c4 e6 3. Nc3 Bb4 4. Qc2 d5 5. a3 Bxc3+ 6. Qxc3 Nc6	d2d4 g8f6 c2c4 e7e6 b1c3 f8b4 d1c2 d7d5 a2a3 b4c3 c2c3 b8c6	r1bqk2r/ppp2ppp/2n1pn2/3p4/2PP4/P1Q5/1P2PPPP/R1B1KBNR w KQkq -
E36	Nimzo-Indian Defense: Classical Variation, Noa Variation, Main Line	1. d4 Nf6 2. c4 e6 3. Nc3 Bb4 4. Qc2 d5 5. a3 Bxc3+ 6. Qxc3 Ne4	d2d4 g8f6 c2c4 e7e6 b1c3 f8b4 d1c2 d7d5 a2a3 b4c3 c2c3 f6e4	rnbqk2r/ppp2ppp/4p3/3p4/2PPn3/P1Q5/1P2PPPP/R1B1KBNR w KQkq -
E37	Nimzo-Indian Defense: Classical Variation, Noa Variation	1. d4 Nf6 2. c4 e6 3. Nc3 Bb4 4. Qc2 d5 5. a3 Bxc3+ 6. Qxc3 Ne4 7. Qc2	d2d4 g8f6 c2c4 e7e6 b1c3 f8b4 d1c2 d7d5 a2a3 b4c3 c2c3 f6e4 c3c2	rnbqk2r/ppp2ppp/4p3/3p4/2PPn3/P7/1PQ1PPPP/R1B1KBNR b KQkq -
E37	Nimzo-Indian Defense: Classical Variation, Noa Variation, San Remo Variation	1. d4 Nf6 2. c4 e6 3. Nc3 Bb4 4. Qc2 d5 5. a3 Bxc3+ 6. Qxc3 Ne4 7. Qc2 Nc6 8. e3 e5	d2d4 g8f6 c2c4 e7e6 b1c3 f8b4 d1c2 d7d5 a2a3 b4c3 c2c3 f6e4 c3c2 b8c6 e2e3 e6e5	r1bqk2r/ppp2ppp/2n5/3pp3/2PPn3/P3P3/1PQ2PPP/R1B1KBNR w KQkq -
E38	Nimzo-Indian Defense: Classical Variation, Berlin Variation	1. d4 Nf6 2. c4 e6 3. Nc3 Bb4 4. Qc2 c5	d2d4 g8f6 c2c4 e7e6 b1c3 f8b4 d1c2 c7c5	rnbqk2r/pp1p1ppp/4pn2/2p5/1bPP4/2N5/PPQ1PPPP/R1B1KBNR w KQkq -
E38	Nimzo-Indian Defense: Classical Variation, Berlin Variation, Steiner Variation	1. d4 Nf6 2. c4 e6 3. Nc3 Bb4 4. Qc2 c5 5. dxc5 Bxc3+	d2d4 g8f6 c2c4 e7e6 b1c3 f8b4 d1c2 c7c5 d4c5 b4c3	rnbqk2r/pp1p1ppp/4pn2/2P5/2P5/2b5/PPQ1PPPP/R1B1KBNR w KQkq -
E39	Nimzo-Indian Defense: Classical Variation, Berlin Variation, Macieja System	1. d4 Nf6 2. c4 e6 3. Nc3 Bb4 4. Qc2 c5 5. dxc5 O-O 6. a3 Bxc5 7. Nf3 b6 8. Bf4	d2d4 g8f6 c2c4 e7e6 b1c3 f8b4 d1c2 c7c5 d4c5 e8g8 a2a3 b4c5 g1f3 b7b6 c1f4	rnbq1rk1/p2p1ppp/1p2pn2/2b5/2P2B2/P1N2N2/1PQ1PPPP/R3KB1R b KQ -
E39	Nimzo-Indian Defense: Classical Variation, Berlin Variation, Pirc Variation	1. d4 Nf6 2. c4 e6 3. Nc3 Bb4 4. Qc2 c5 5. dxc5 O-O	d2d4 g8f6 c2c4 e7e6 b1c3 f8b4 d1c2 c7c5 d4c5 e8g8	rnbq1rk1/pp1p1ppp/4pn2/2P5/1bP5/2N5/PPQ1PPPP/R1B1KBNR w KQ -
E40	Nimzo-Indian Defense: Normal Line	1. d4 Nf6 2. c4 e6 3. Nc3 Bb4 4. e3	d2d4 g8f6 c2c4 e7e6 b1c3 f8b4 e2e3	rnbqk2r/pppp1ppp/4pn2/8/1bPP4/2N1P3/PP3PPP/R1BQKBNR b KQkq -
E40	Nimzo-Indian Defense: Normal Variation, Taimanov Variation	1. d4 Nf6 2. c4 e6 3. Nc3 Bb4 4. e3 Nc6	d2d4 g8f6 c2c4 e7e6 b1c3 f8b4 e2e3 b8c6	r1bqk2r/pppp1ppp/2n1pn2/8/1bPP4/2N1P3/PP3PPP/R1BQKBNR w KQkq -
E41	Nimzo-Indian Defense: Hübner Variation	1. d4 Nf6 2. c4 e6 3. Nc3 Bb4 4. e3 c5	d2d4 g8f6 c2c4 e7e6 b1c3 f8b4 e2e3 c7c5	rnbqk2r/pp1p1ppp/4pn2/2p5/1bPP4/2N1P3/PP3PPP/R1BQKBNR w KQkq -
E41	Nimzo-Indian Defense: Hübner Variation, Main Line	1. d4 Nf6 2. c4 e6 3. Nc3 Bb4 4. e3 c5 5. Bd3 Nc6 6. Nf3 Bxc3+ 7. bxc3 d6	d2d4 g8f6 c2c4 e7e6 b1c3 f8b4 e2e3 c7c5 f1d3 b8c6 g1f3 b4c3 b2c3 d7d6	r1bqk2r/pp3ppp/2nppn2/2p5/2PP4/2PBPN2/P4PPP/R1BQK2R w KQkq -
E41	Nimzo-Indian Defense: Normal Variation, Hübner Deferred	1. d4 Nf6 2. c4 e6 3. Nc3 Bb4 4. e3 c5 5. Nf3 O-O	d2d4 g8f6 c2c4 e7e6 b1c3 f8b4 e2e3 c7c5 g1f3 e8g8	rnbq1rk1/pp1p1ppp/4pn2/2p5/1bPP4/2N1PN2/PP3PPP/R1BQKB1R w KQ -
E42	Nimzo-Indian Defense: Hübner Variation, Rubinstein Variation	1. d4 Nf6 2. c4 e6 3. Nc3 Bb4 4. e3 c5 5. Ne2	d2d4 g8f6 c2c4 e7e6 b1c3 f8b4 e2e3 c7c5 g1e2	rnbqk2r/pp1p1ppp/4pn2/2p5/1bPP4/2N1P3/PP2NPPP/R1BQKB1R b KQkq -
E42	Nimzo-Indian Defense: Hübner Variation, Rubinstein Variation, Main Line	1. d4 Nf6 2. c4 e6 3. Nc3 Bb4 4. e3 c5 5. Ne2 cxd4 6. exd4 O-O 7. a3	d2d4 g8f6 c2c4 e7e6 b1c3 f8b4 e2e3 c7c5 g1e2 c5d4 e3d4 e8g8 a2a3	rnbq1rk1/pp1p1ppp/4pn2/8/1bPP4/P1N5/1P2NPPP/R1BQKB1R b KQ -
E42	Nimzo-Indian Defense: Hübner Variation, Rubinstein Variation, Sherbakov Attack	1. d4 Nf6 2. c4 e6 3. Nc3 Bb4 4. e3 c5 5. Ne2 cxd4 6. exd4 O-O 7. c5	d2d4 g8f6 c2c4 e7e6 b1c3 f8b4 e2e3 c7c5 g1e2 c5d4 e3d4 e8g8 c4c5	rnbq1rk1/pp1p1ppp/4pn2/2P5/1b1P4/2N5/PP2NPPP/R1BQKB1R b KQ -
E43	Nimzo-Indian Defense: St. Petersburg Variation	1. d4 Nf6 2. c4 e6 3. Nc3 Bb4 4. e3 b6	d2d4 g8f6 c2c4 e7e6 b1c3 f8b4 e2e3 b7b6	rnbqk2r/p1pp1ppp/1p2pn2/8/1bPP4/2N1P3/PP3PPP/R1BQKBNR w KQkq -
E43	Nimzo-Indian Defense: St. Petersburg Variation	1. d4 Nf6 2. c4 e6 3. Nc3 Bb4 4. e3 b6 5. Bd3 Bb7 6. Nf3	d2d4 g8f6 c2c4 e7e6 b1c3 f8b4 e2e3 b7b6 f1d3 c8b7 g1f3	rn1qk2r/pbpp1ppp/1p2pn2/8/1bPP4/2NBPN2/PP3PPP/R1BQK2R b KQkq -
E43	Nimzo-Indian Defense: St. Petersburg Variation	1. d4 Nf6 2. c4 e6 3. Nc3 Bb4 4. e3 b6 5. Bd3 Bb7 6. Nf3 O-O	d2d4 g8f6 c2c4 e7e6 b1c3 f8b4 e2e3 b7b6 f1d3 c8b7 g1f3 e8g8	rn1q1rk1/pbpp1ppp/1p2pn2/8/1bPP4/2NBPN2/PP3PPP/R1BQK2R w KQ -
E43	Nimzo-Indian Defense: St. Petersburg Variation	1. d4 Nf6 2. c4 e6 3. Nc3 Bb4 4. e3 b6 5. Bd3 Bb7 6. Nf3 O-O 7. O-O	d2d4 g8f6 c2c4 e7e6 b1c3 f8b4 e2e3 b7b6 f1d3 c8b7 g1f3 e8g8 e1g1	rn1q1rk1/pbpp1ppp/1p2pn2/8/1bPP4/2NBPN2/PP3PPP/R1BQ1RK1 b - -
E43	Nimzo-Indian Defense: St. Petersburg Variation	1. d4 Nf6 2. c4 e6 3. Nc3 Bb4 4. e3 b6 5. Bd3 Bb7 6. Nf3 O-O 7. O-O c5	d2d4 g8f6 c2c4 e7e6 b1c3 f8b4 e2e3 b7b6 f1d3 c8b7 g1f3 e8g8 e1g1 c7c5	rn1q1rk1/pb1p1ppp/1p2pn2/2p5/1bPP4/2NBPN2/PP3PPP/R1BQ1RK1 w - -
E43	Nimzo-Indian Defense: St. Petersburg Variation	1. d4 Nf6 2. c4 e6 3. Nc3 Bb4 4. e3 b6 5. Bd3 Bb7 6. Nf3 O-O 7. O-O c5 8. Na4 cxd4 9. a3 Be7	d2d4 g8f6 c2c4 e7e6 b1c3 f8b4 e2e3 b7b6 f1d3 c8b7 g1f3 e8g8 e1g1 c7c5 c3a4 c5d4 a2a3 b4e7	rn1q1rk1/pb1pbppp/1p2pn2/8/N1Pp4/P2BPN2/1P3PPP/R1BQ1RK1 w - -
E43	Nimzo-Indian Defense: St. Petersburg Variation	1. d4 Nf6 2. c4 e6 3. Nc3 Bb4 4. e3 Ne4 5. Qc2 f5 6. Nf3 b6 7. Bd3 Bb7	d2d4 g8f6 c2c4 e7e6 b1c3 f8b4 e2e3 f6e4 d1c2 f7f5 g1f3 b7b6 f1d3 c8b7	rn1qk2r/pbpp2pp/1p2p3/5p2/1bPPn3/2NBPN2/PPQ2PPP/R1B1K2R w KQkq -
E43	Nimzo-Indian Defense: St. Petersburg Variation	1. d4 Nf6 2. c4 e6 3. Nc3 Bb4 4. e3 O-O 5. Bd3 c5 6. Nf3 b6 7. O-O Bb7 8. Na4 Qe7	d2d4 g8f6 c2c4 e7e6 b1c3 f8b4 e2e3 e8g8 f1d3 c7c5 g1f3 b7b6 e1g1 c8b7 c3a4 d8e7	rn3rk1/pb1pqppp/1p2pn2/2p5/NbPP4/3BPN2/PP3PPP/R1BQ1RK1 w - -
E43	Nimzo-Indian Defense: St. Petersburg Variation	1. d4 Nf6 2. c4 e6 3. Nc3 Bb4 4. Nf3 Bxc3+ 5. bxc3 b6 6. e3 Bb7 7. Bd3 O-O 8. O-O	d2d4 g8f6 c2c4 e7e6 b1c3 f8b4 g1f3 b4c3 b2c3 b7b6 e2e3 c8b7 f1d3 e8g8 e1g1	rn1q1rk1/pbpp1ppp/1p2pn2/8/2PP4/2PBPN2/P4PPP/R1BQ1RK1 b - -
E43	Nimzo-Indian Defense: St. Petersburg Variation	1. d4 Nf6 2. c4 e6 3. Nc3 Bb4 4. Nf3 b6 5. e3 Ne4 6. Qc2	d2d4 g8f6 c2c4 e7e6 b1c3 f8b4 g1f3 b7b6 e2e3 f6e4 d1c2	rnbqk2r/p1pp1ppp/1p2p3/8/1bPPn3/2N1PN2/PPQ2PPP/R1B1KB1R b KQkq -
E43	Nimzo-Indian Defense: St. Petersburg Variation	1. d4 Nf6 2. c4 e6 3. Nc3 Bb4 4. Nf3 b6 5. e3 Ne4 6. Qc2 Bb7 7. Bd3 Bxc3+ 8. bxc3 f5 9. O-O	d2d4 g8f6 c2c4 e7e6 b1c3 f8b4 g1f3 b7b6 e2e3 f6e4 d1c2 c8b7 f1d3 b4c3 b2c3 f7f5 e1g1	rn1qk2r/pbpp2pp/1p2p3/5p2/2PPn3/2PBPN2/P1Q2PPP/R1B2RK1 b kq -
E43	Nimzo-Indian Defense: St. Petersburg Variation, with Ne4	1. d4 Nf6 2. c4 e6 3. Nc3 Bb4 4. e3 b6 5. Bd3 Bb7 6. Nf3 Ne4	d2d4 g8f6 c2c4 e7e6 b1c3 f8b4 e2e3 b7b6 f1d3 c8b7 g1f3 f6e4	rn1qk2r/pbpp1ppp/1p2p3/8/1bPPn3/2NBPN2/PP3PPP/R1BQK2R w KQkq -
E44	Nimzo-Indian Defense: Fischer Variation	1. d4 Nf6 2. c4 e6 3. Nc3 Bb4 4. e3 b6 5. Ne2	d2d4 g8f6 c2c4 e7e6 b1c3 f8b4 e2e3 b7b6 g1e2	rnbqk2r/p1pp1ppp/1p2pn2/8/1bPP4/2N1P3/PP2NPPP/R1BQKB1R b KQkq -
E45	Nimzo-Indian Defense: Normal Variation, Bronstein (Byrne) Variation	1. d4 Nf6 2. c4 e6 3. Nc3 Bb4 4. e3 b6 5. Ne2 Ba6	d2d4 g8f6 c2c4 e7e6 b1c3 f8b4 e2e3 b7b6 g1e2 c8a6	rn1qk2r/p1pp1ppp/bp2pn2/8/1bPP4/2N1P3/PP2NPPP/R1BQKB1R w KQkq -
E46	Nimzo-Indian Defense: Normal Variation	1. d4 Nf6 2. c4 e6 3. Nc3 Bb4 4. e3 O-O	d2d4 g8f6 c2c4 e7e6 b1c3 f8b4 e2e3 e8g8	rnbq1rk1/pppp1ppp/4pn2/8/1bPP4/2N1P3/PP3PPP/R1BQKBNR w KQ -
E46	Nimzo-Indian Defense: Reshevsky Variation	1. d4 Nf6 2. c4 e6 3. Nc3 Bb4 4. e3 O-O 5. Ne2	d2d4 g8f6 c2c4 e7e6 b1c3 f8b4 e2e3 e8g8 g1e2	rnbq1rk1/pppp1ppp/4pn2/8/1bPP4/2N1P3/PP2NPPP/R1BQKB1R b KQ -
E46	Nimzo-Indian Defense: Simagin Variation	1. d4 Nf6 2. c4 e6 3. Nc3 Bb4 4. e3 O-O 5. Ne2 d5 6. a3 Bd6	d2d4 g8f6 c2c4 e7e6 b1c3 f8b4 e2e3 e8g8 g1e2 d7d5 a2a3 b4d6	rnbq1rk1/ppp2ppp/3bpn2/3p4/2PP4/P1N1P3/1P2NPPP/R1BQKB1R w KQ -
E47	Nimzo-Indian Defense: Normal Variation, Bishop Attack	1. d4 Nf6 2. c4 e6 3. Nc3 Bb4 4. e3 O-O 5. Bd3	d2d4 g8f6 c2c4 e7e6 b1c3 f8b4 e2e3 e8g8 f1d3	rnbq1rk1/pppp1ppp/4pn2/8/1bPP4/2NBP3/PP3PPP/R1BQK1NR b KQ -
E48	Nimzo-Indian Defense: Normal Variation, Bishop Attack, Classical Defense	1. d4 Nf6 2. c4 e6 3. Nc3 Bb4 4. e3 O-O 5. Bd3 d5	d2d4 g8f6 c2c4 e7e6 b1c3 f8b4 e2e3 e8g8 f1d3 d7d5	rnbq1rk1/ppp2ppp/4pn2/3p4/1bPP4/2NBP3/PP3PPP/R1BQK1NR w KQ -
E48	Nimzo-Indian Defense: Ragozin Defense	1. d4 Nf6 2. c4 e6 3. Nc3 Bb4 4. e3 O-O 5. Bd3 d5 6. Nf3 Nc6 7. O-O	d2d4 g8f6 c2c4 e7e6 b1c3 f8b4 e2e3 e8g8 f1d3 d7d5 g1f3 b8c6 e1g1	r1bq1rk1/ppp2ppp/2n1pn2/3p4/1bPP4/2NBPN2/PP3PPP/R1BQ1RK1 b - -
E49	Nimzo-Indian Defense: Normal Variation, Botvinnik System	1. d4 Nf6 2. c4 e6 3. Nc3 Bb4 4. e3 O-O 5. Bd3 d5 6. a3 Bxc3+ 7. bxc3	d2d4 g8f6 c2c4 e7e6 b1c3 f8b4 e2e3 e8g8 f1d3 d7d5 a2a3 b4c3 b2c3	rnbq1rk1/ppp2ppp/4pn2/3p4/2PP4/P1PBP3/5PPP/R1BQK1NR b KQ -
E50	Nimzo-Indian Defense	1. d4 Nf6 2. c4 e6 3. Nc3 Bb4 4. e3 O-O 5. Nf3	d2d4 g8f6 c2c4 e7e6 b1c3 f8b4 e2e3 e8g8 g1f3	rnbq1rk1/pppp1ppp/4pn2/8/1bPP4/2N1PN2/PP3PPP/R1BQKB1R b KQ -
E51	Nimzo-Indian Defense: Normal Variation, Ragozin Variation	1. d4 Nf6 2. c4 e6 3. Nc3 Bb4 4. e3 O-O 5. Nf3 d5	d2d4 g8f6 c2c4 e7e6 b1c3 f8b4 e2e3 e8g8 g1f3 d7d5	rnbq1rk1/ppp2ppp/4pn2/3p4/1bPP4/2N1PN2/PP3PPP/R1BQKB1R w KQ -
E51	Nimzo-Indian Defense: Normal Variation, Sämisch Deferred	1. d4 Nf6 2. c4 e6 3. Nc3 Bb4 4. e3 O-O 5. Nf3 d5 6. a3	d2d4 g8f6 c2c4 e7e6 b1c3 f8b4 e2e3 e8g8 g1f3 d7d5 a2a3	rnbq1rk1/ppp2ppp/4pn2/3p4/1bPP4/P1N1PN2/1P3PPP/R1BQKB1R b KQ -
E51	Nimzo-Indian Defense: Ragozin Variation	1. d4 Nf6 2. c4 e6 3. Nc3 Bb4 4. e3 O-O 5. Bd3 d5 6. Nf3 Nc6 7. O-O dxc4	d2d4 g8f6 c2c4 e7e6 b1c3 f8b4 e2e3 e8g8 f1d3 d7d5 g1f3 b8c6 e1g1 d5c4	r1bq1rk1/ppp2ppp/2n1pn2/8/1bpP4/2NBPN2/PP3PPP/R1BQ1RK1 w - -
E52	Nimzo-Indian Defense: Normal Variation, Schlechter Defense	1. d4 Nf6 2. c4 e6 3. Nc3 Bb4 4. e3 O-O 5. Bd3 d5 6. Nf3 b6	d2d4 g8f6 c2c4 e7e6 b1c3 f8b4 e2e3 e8g8 f1d3 d7d5 g1f3 b7b6	rnbq1rk1/p1p2ppp/1p2pn2/3p4/1bPP4/2NBPN2/PP3PPP/R1BQK2R w KQ -
E52	Nimzo-Indian Defense: Normal Variation, Schlechter Defense	1. d4 Nf6 2. c4 e6 3. Nc3 Bb4 4. e3 b6 5. Bd3 Bb7 6. Nf3 O-O 7. O-O d5	d2d4 g8f6 c2c4 e7e6 b1c3 f8b4 e2e3 b7b6 f1d3 c8b7 g1f3 e8g8 e1g1 d7d5	rn1q1rk1/pbp2ppp/1p2pn2/3p4/1bPP4/2NBPN2/PP3PPP/R1BQ1RK1 w - -
E53	Nimzo-Indian Defense: Normal Variation, Gligoric System	1. d4 Nf6 2. c4 e6 3. Nc3 Bb4 4. e3 O-O 5. Bd3 d5 6. Nf3 c5	d2d4 g8f6 c2c4 e7e6 b1c3 f8b4 e2e3 e8g8 f1d3 d7d5 g1f3 c7c5	rnbq1rk1/pp3ppp/4pn2/2pp4/1bPP4/2NBPN2/PP3PPP/R1BQK2R w KQ -
E53	Nimzo-Indian Defense: Normal Variation, Gligoric System	1. d4 Nf6 2. c4 e6 3. Nc3 Bb4 4. e3 O-O 5. Bd3 d5 6. Nf3 c5 7. O-O Nbd7	d2d4 g8f6 c2c4 e7e6 b1c3 f8b4 e2e3 e8g8 f1d3 d7d5 g1f3 c7c5 e1g1 b8d7	r1bq1rk1/pp1n1ppp/4pn2/2pp4/1bPP4/2NBPN2/PP3PPP/R1BQ1RK1 w - -
E53	Nimzo-Indian Defense: Normal Variation, Gligoric System, Keres Variation	1. d4 Nf6 2. c4 e6 3. Nc3 Bb4 4. e3 O-O 5. Bd3 d5 6. Nf3 c5 7. O-O b6	d2d4 g8f6 c2c4 e7e6 b1c3 f8b4 e2e3 e8g8 f1d3 d7d5 g1f3 c7c5 e1g1 b7b6	rnbq1rk1/p4ppp/1p2pn2/2pp4/1bPP4/2NBPN2/PP3PPP/R1BQ1RK1 w - -
E54	Nimzo-Indian Defense: Normal Variation, Gligoric System, Exchange Variation	1. d4 Nf6 2. c4 e6 3. Nc3 Bb4 4. e3 O-O 5. Bd3 d5 6. Nf3 c5 7. O-O dxc4 8. Bxc4	d2d4 g8f6 c2c4 e7e6 b1c3 f8b4 e2e3 e8g8 f1d3 d7d5 g1f3 c7c5 e1g1 d5c4 d3c4	rnbq1rk1/pp3ppp/4pn2/2p5/1bBP4/2N1PN2/PP3PPP/R1BQ1RK1 b - -
E54	Nimzo-Indian Defense: Normal Variation, Gligoric System, Smyslov Variation	1. d4 Nf6 2. c4 e6 3. Nc3 Bb4 4. e3 O-O 5. Bd3 d5 6. Nf3 c5 7. O-O dxc4 8. Bxc4 Qe7	d2d4 g8f6 c2c4 e7e6 b1c3 f8b4 e2e3 e8g8 f1d3 d7d5 g1f3 c7c5 e1g1 d5c4 d3c4 d8e7	rnb2rk1/pp2qppp/4pn2/2p5/1bBP4/2N1PN2/PP3PPP/R1BQ1RK1 w - -
E55	Nimzo-Indian Defense: Normal Variation, Gligoric System, Bronstein Variation	1. d4 Nf6 2. c4 e6 3. Nc3 Bb4 4. e3 O-O 5. Bd3 d5 6. Nf3 c5 7. O-O dxc4 8. Bxc4 Nbd7	d2d4 g8f6 c2c4 e7e6 b1c3 f8b4 e2e3 e8g8 f1d3 d7d5 g1f3 c7c5 e1g1 d5c4 d3c4 b8d7	r1bq1rk1/pp1n1ppp/4pn2/2p5/1bBP4/2N1PN2/PP3PPP/R1BQ1RK1 w - -
E56	Nimzo-Indian Defense: Normal Variation, Gligoric System, Bernstein Defense	1. d4 Nf6 2. c4 e6 3. Nc3 Bb4 4. e3 O-O 5. Bd3 d5 6. Nf3 c5 7. O-O Nc6	d2d4 g8f6 c2c4 e7e6 b1c3 f8b4 e2e3 e8g8 f1d3 d7d5 g1f3 c7c5 e1g1 b8c6	r1bq1rk1/pp3ppp/2n1pn2/2pp4/1bPP4/2NBPN2/PP3PPP/R1BQ1RK1 w - -
E58	Nimzo-Indian Defense: Normal Variation, Bernstein Defense, Exchange Line	1. d4 Nf6 2. c4 e6 3. Nc3 Bb4 4. e3 O-O 5. Bd3 d5 6. Nf3 c5 7. O-O Nc6 8. a3 Bxc3 9. bxc3	d2d4 g8f6 c2c4 e7e6 b1c3 f8b4 e2e3 e8g8 f1d3 d7d5 g1f3 c7c5 e1g1 b8c6 a2a3 b4c3 b2c3	r1bq1rk1/pp3ppp/2n1pn2/2pp4/2PP4/P1PBPN2/5PPP/R1BQ1RK1 b - -
E59	Nimzo-Indian Defense: Normal Variation, Bernstein Defense	1. d4 Nf6 2. c4 e6 3. Nc3 Bb4 4. e3 O-O 5. Bd3 d5 6. Nf3 c5 7. O-O Nc6 8. a3 Bxc3 9. bxc3 dxc4 10. Bxc4	d2d4 g8f6 c2c4 e7e6 b1c3 f8b4 e2e3 e8g8 f1d3 d7d5 g1f3 c7c5 e1g1 b8c6 a2a3 b4c3 b2c3 d5c4 d3c4	r1bq1rk1/pp3ppp/2n1pn2/2p5/2BP4/P1P1PN2/5PPP/R1BQ1RK1 b - -
E60	Grünfeld Defense: Counterthrust Variation	1. d4 Nf6 2. c4 g6 3. g3 Bg7 4. Bg2 d5	d2d4 g8f6 c2c4 g7g6 g2g3 f8g7 f1g2 d7d5	rnbqk2r/ppp1ppbp/5np1/3p4/2PP4/6P1/PP2PPBP/RNBQK1NR w KQkq -
E60	Indian Defense: Anti-Grünfeld, Adorjan Gambit	1. d4 Nf6 2. c4 g6 3. d5 b5	d2d4 g8f6 c2c4 g7g6 d4d5 b7b5	rnbqkb1r/p1pppp1p/5np1/1p1P4/2P5/8/PP2PPPP/RNBQKBNR w KQkq -
E60	Indian Defense: Anti-Grünfeld, Advance Variation	1. d4 Nf6 2. c4 g6 3. d5	d2d4 g8f6 c2c4 g7g6 d4d5	rnbqkb1r/pppppp1p/5np1/3P4/2P5/8/PP2PPPP/RNBQKBNR b KQkq -
E60	Indian Defense: Anti-Grünfeld, Alekhine Variation	1. d4 Nf6 2. c4 g6 3. f3	d2d4 g8f6 c2c4 g7g6 f2f3	rnbqkb1r/pppppp1p/5np1/8/2PP4/5P2/PP2P1PP/RNBQKBNR b KQkq -
E60	Indian Defense: Anti-Grünfeld, Alekhine Variation, Leko Gambit	1. d4 Nf6 2. c4 g6 3. f3 e5	d2d4 g8f6 c2c4 g7g6 f2f3 e7e5	rnbqkb1r/pppp1p1p/5np1/4p3/2PP4/5P2/PP2P1PP/RNBQKBNR w KQkq -
E60	Indian Defense: Anti-Grünfeld, Basman-Williams Attack	1. d4 Nf6 2. c4 g6 3. h4	d2d4 g8f6 c2c4 g7g6 h2h4	rnbqkb1r/pppppp1p/5np1/8/2PP3P/8/PP2PPP1/RNBQKBNR b KQkq -
E60	Indian Defense: King's Indian Variation, Fianchetto Variation	1. d4 Nf6 2. c4 g6 3. g3 Bg7 4. Bg2	d2d4 g8f6 c2c4 g7g6 g2g3 f8g7 f1g2	rnbqk2r/ppppppbp/5np1/8/2PP4/6P1/PP2PPBP/RNBQK1NR b KQkq -
E60	Indian Defense: West Indian Defense	1. d4 Nf6 2. c4 g6	d2d4 g8f6 c2c4 g7g6	rnbqkb1r/pppppp1p/5np1/8/2PP4/8/PP2PPPP/RNBQKBNR w KQkq -
E60	King's Indian Defense: Fianchetto Variation, Immediate Fianchetto	1. d4 Nf6 2. c4 g6 3. g3	d2d4 g8f6 c2c4 g7g6 g2g3	rnbqkb1r/pppppp1p/5np1/8/2PP4/6P1/PP2PP1P/RNBQKBNR b KQkq -
E60	King's Indian Defense: Normal Variation, King's Knight Variation	1. d4 Nf6 2. Nf3 g6 3. c4	d2d4 g8f6 g1f3 g7g6 c2c4	rnbqkb1r/pppppp1p/5np1/8/2PP4/5N2/PP2PPPP/RNBQKB1R b KQkq -
E60	King's Indian Defense: Santasiere Variation	1. d4 Nf6 2. c4 g6 3. Nf3 Bg7 4. b4	d2d4 g8f6 c2c4 g7g6 g1f3 f8g7 b2b4	rnbqk2r/ppppppbp/5np1/8/1PPP4/5N2/P3PPPP/RNBQKB1R b KQkq -
E60	King's Indian Defense: Semi-Classical Variation, Benoni Variation	1. d4 Nf6 2. c4 g6 3. Nc3 Bg7 4. Nf3 O-O 5. e3 d6 6. Be2 c6	d2d4 g8f6 c2c4 g7g6 b1c3 f8g7 g1f3 e8g8 e2e3 d7d6 f1e2 c7c6	rnbq1rk1/pp2ppbp/2pp1np1/8/2PP4/2N1PN2/PP2BPPP/R1BQK2R w KQ -
E60	King's Indian Defense: Semi-Classical Variation, Hollywood Variation	1. d4 Nf6 2. Nf3 g6 3. c4 Bg7 4. Nc3 O-O 5. e3 d6 6. Be2 Nc6	d2d4 g8f6 g1f3 g7g6 c2c4 f8g7 b1c3 e8g8 e2e3 d7d6 f1e2 b8c6	r1bq1rk1/ppp1ppbp/2np1np1/8/2PP4/2N1PN2/PP2BPPP/R1BQK2R w KQ -
E60	Queen's Pawn, Mengarini Attack	1. d4 Nf6 2. c4 g6 3. Qc2	d2d4 g8f6 c2c4 g7g6 d1c2	rnbqkb1r/pppppp1p/5np1/8/2PP4/8/PPQ1PPPP/RNB1KBNR b KQkq -
E61	King's Indian Defense	1. d4 Nf6 2. c4 g6 3. Nc3	d2d4 g8f6 c2c4 g7g6 b1c3	rnbqkb1r/pppppp1p/5np1/8/2PP4/2N5/PP2PPPP/R1BQKBNR b KQkq -
E61	King's Indian Defense: Fianchetto Variation, Benjamin Defense	1. d4 Nf6 2. c4 g6 3. Nc3 Bg7 4. Nf3 d6 5. g3 O-O 6. Bg2 c6 7. O-O Qb6	d2d4 g8f6 c2c4 g7g6 b1c3 f8g7 g1f3 d7d6 g2g3 e8g8 f1g2 c7c6 e1g1 d8b6	rnb2rk1/pp2ppbp/1qpp1np1/8/2PP4/2N2NP1/PP2PPBP/R1BQ1RK1 w - -
E61	King's Indian Defense: Semi-Classical Variation	1. d4 Nf6 2. c4 g6 3. Nc3 Bg7 4. Nf3 O-O 5. e3 d6 6. Be2	d2d4 g8f6 c2c4 g7g6 b1c3 f8g7 g1f3 e8g8 e2e3 d7d6 f1e2	rnbq1rk1/ppp1ppbp/3p1np1/8/2PP4/2N1PN2/PP2BPPP/R1BQK2R b KQ -
E61	King's Indian Defense: Semi-Classical Variation, Exchange Variation	1. d4 Nf6 2. c4 g6 3. Nc3 Bg7 4. Nf3 O-O 5. e3 d6 6. Be2 Nbd7 7. O-O e5 8. dxe5 dxe5	d2d4 g8f6 c2c4 g7g6 b1c3 f8g7 g1f3 e8g8 e2e3 d7d6 f1e2 b8d7 e1g1 e7e5 d4e5 d6e5	r1bq1rk1/pppn1pbp/5np1/4p3/2P5/2N1PN2/PP2BPPP/R1BQ1RK1 w - -
E61	King's Indian Defense: Semi-Classical Variation, Queenside Storm Line	1. d4 Nf6 2. c4 g6 3. Nc3 Bg7 4. Nf3 O-O 5. e3 d6 6. Be2 Nbd7 7. O-O e5 8. b4	d2d4 g8f6 c2c4 g7g6 b1c3 f8g7 g1f3 e8g8 e2e3 d7d6 f1e2 b8d7 e1g1 e7e5 b2b4	r1bq1rk1/pppn1pbp/3p1np1/4p3/1PPP4/2N1PN2/P3BPPP/R1BQ1RK1 b - -
E61	King's Indian Defense: Smyslov Variation	1. d4 Nf6 2. c4 g6 3. Nc3 Bg7 4. Nf3 d6 5. Bg5	d2d4 g8f6 c2c4 g7g6 b1c3 f8g7 g1f3 d7d6 c1g5	rnbqk2r/ppp1ppbp/3p1np1/6B1/2PP4/2N2N2/PP2PPPP/R2QKB1R b KQkq -
E62	King's Indian Defense: Fianchetto Variation, Delayed Fianchetto	1. d4 Nf6 2. c4 g6 3. Nc3 Bg7 4. Nf3 d6 5. g3	d2d4 g8f6 c2c4 g7g6 b1c3 f8g7 g1f3 d7d6 g2g3	rnbqk2r/ppp1ppbp/3p1np1/8/2PP4/2N2NP1/PP2PP1P/R1BQKB1R b KQkq -
E62	King's Indian Defense: Fianchetto Variation, Karlsbad Variation	1. d4 Nf6 2. c4 g6 3. g3 Bg7 4. Bg2 O-O 5. Nc3 d6 6. Nf3 Nc6	d2d4 g8f6 c2c4 g7g6 g2g3 f8g7 f1g2 e8g8 b1c3 d7d6 g1f3 b8c6	r1bq1rk1/ppp1ppbp/2np1np1/8/2PP4/2N2NP1/PP2PPBP/R1BQK2R w KQ -
E62	King's Indian Defense: Fianchetto Variation, Kavalek Defense	1. d4 Nf6 2. c4 g6 3. Nf3 Bg7 4. g3 O-O 5. Bg2 d6 6. O-O c6 7. Nc3 Qa5	d2d4 g8f6 c2c4 g7g6 g1f3 f8g7 g2g3 e8g8 f1g2 d7d6 e1g1 c7c6 b1c3 d8a5	rnb2rk1/pp2ppbp/2pp1np1/q7/2PP4/2N2NP1/PP2PPBP/R1BQ1RK1 w - -
E62	King's Indian Defense: Fianchetto Variation, Larsen Defense	1. d4 Nf6 2. c4 g6 3. Nc3 Bg7 4. Nf3 d6 5. g3 O-O 6. Bg2 c6 7. O-O Bf5	d2d4 g8f6 c2c4 g7g6 b1c3 f8g7 g1f3 d7d6 g2g3 e8g8 f1g2 c7c6 e1g1 c8f5	rn1q1rk1/pp2ppbp/2pp1np1/5b2/2PP4/2N2NP1/PP2PPBP/R1BQ1RK1 w - -
E62	King's Indian Defense: Fianchetto Variation, Lesser Simagin (Spassky)	1. d4 Nf6 2. c4 g6 3. g3 Bg7 4. Bg2 O-O 5. Nc3 d6 6. Nf3 Nc6 7. O-O Bf5	d2d4 g8f6 c2c4 g7g6 g2g3 f8g7 f1g2 e8g8 b1c3 d7d6 g1f3 b8c6 e1g1 c8f5	r2q1rk1/ppp1ppbp/2np1np1/5b2/2PP4/2N2NP1/PP2PPBP/R1BQ1RK1 w - -
E62	King's Indian Defense: Fianchetto Variation, Simagin Variation	1. d4 Nf6 2. c4 g6 3. Nc3 Bg7 4. Nf3 d6 5. g3 O-O 6. Bg2 Nc6 7. O-O Bg4	d2d4 g8f6 c2c4 g7g6 b1c3 f8g7 g1f3 d7d6 g2g3 e8g8 f1g2 b8c6 e1g1 c8g4	r2q1rk1/ppp1ppbp/2np1np1/8/2PP2b1/2N2NP1/PP2PPBP/R1BQ1RK1 w - -
E62	King's Indian Defense: Fianchetto Variation, Uhlmann-Szabo System	1. d4 Nf6 2. c4 g6 3. Nf3 Bg7 4. g3 O-O 5. Bg2 d6 6. O-O Nc6 7. Nc3 e5	d2d4 g8f6 c2c4 g7g6 g1f3 f8g7 g2g3 e8g8 f1g2 d7d6 e1g1 b8c6 b1c3 e7e5	r1bq1rk1/ppp2pbp/2np1np1/4p3/2PP4/2N2NP1/PP2PPBP/R1BQ1RK1 w - -
E63	King's Indian Defense: Fianchetto Variation, Panno Variation	1. d4 Nf6 2. c4 g6 3. Nf3 Bg7 4. g3 O-O 5. Bg2 d6 6. O-O Nc6 7. Nc3 a6	d2d4 g8f6 c2c4 g7g6 g1f3 f8g7 g2g3 e8g8 f1g2 d7d6 e1g1 b8c6 b1c3 a7a6	r1bq1rk1/1pp1ppbp/p1np1np1/8/2PP4/2N2NP1/PP2PPBP/R1BQ1RK1 w - -
E63	King's Indian Defense: Fianchetto Variation, Panno Variation, Blockade Line	1. d4 Nf6 2. c4 g6 3. Nf3 Bg7 4. g3 O-O 5. Bg2 d6 6. O-O Nc6 7. Nc3 a6 8. d5 Na5 9. Nd2 c5 10. Qc2 e5	d2d4 g8f6 c2c4 g7g6 g1f3 f8g7 g2g3 e8g8 f1g2 d7d6 e1g1 b8c6 b1c3 a7a6 d4d5 c6a5 f3d2 c7c5 d1c2 e7e5	r1bq1rk1/1p3pbp/p2p1np1/n1pPp3/2P5/2N3P1/PPQNPPBP/R1B2RK1 w - e6
E63	King's Indian Defense: Fianchetto Variation, Panno Variation, Donner Line	1. d4 Nf6 2. c4 g6 3. Nf3 Bg7 4. g3 O-O 5. Bg2 d6 6. O-O Nc6 7. Nc3 a6 8. d5 Na5 9. Nd2 c5 10. Qc2 Rb8 11. b3 b5 12. Bb2 bxc4 13. bxc4 Bh6	d2d4 g8f6 c2c4 g7g6 g1f3 f8g7 g2g3 e8g8 f1g2 d7d6 e1g1 b8c6 b1c3 a7a6 d4d5 c6a5 f3d2 c7c5 d1c2 a8b8 b2b3 b7b5 c1b2 b5c4 b3c4 g7h6	1rbq1rk1/4pp1p/p2p1npb/n1pP4/2P5/2N3P1/PBQNPPBP/R4RK1 w - -
E63	King's Indian Defense: Fianchetto Variation, Panno Variation, Korchnoi Line	1. d4 Nf6 2. c4 g6 3. Nf3 Bg7 4. g3 O-O 5. Bg2 d6 6. O-O Nc6 7. Nc3 a6 8. h3 Rb8 9. Be3 b5 10. Nd2	d2d4 g8f6 c2c4 g7g6 g1f3 f8g7 g2g3 e8g8 f1g2 d7d6 e1g1 b8c6 b1c3 a7a6 h2h3 a8b8 c1e3 b7b5 f3d2	1rbq1rk1/2p1ppbp/p1np1np1/1p6/2PP4/2N1B1PP/PP1NPPB1/R2Q1RK1 b - -
E64	King's Indian Defense: Fianchetto Variation, Double Fianchetto Attack	1. d4 Nf6 2. c4 g6 3. Nf3 Bg7 4. g3 d6 5. Bg2 O-O 6. O-O Nbd7 7. Nc3 e5 8. b3	d2d4 g8f6 c2c4 g7g6 g1f3 f8g7 g2g3 d7d6 f1g2 e8g8 e1g1 b8d7 b1c3 e7e5 b2b3	r1bq1rk1/pppn1pbp/3p1np1/4p3/2PP4/1PN2NP1/P3PPBP/R1BQ1RK1 b - -
E64	King's Indian Defense: Fianchetto Variation, Hungarian Variation	1. d4 Nf6 2. c4 g6 3. Nf3 Bg7 4. g3 d6 5. Bg2 O-O 6. O-O Nbd7 7. Nc3 a6	d2d4 g8f6 c2c4 g7g6 g1f3 f8g7 g2g3 d7d6 f1g2 e8g8 e1g1 b8d7 b1c3 a7a6	r1bq1rk1/1ppnppbp/p2p1np1/8/2PP4/2N2NP1/PP2PPBP/R1BQ1RK1 w - -
E64	King's Indian Defense: Fianchetto Variation, Pterodactyl Variation	1. d4 Nf6 2. c4 g6 3. Nf3 Bg7 4. g3 c5 5. Bg2 Qa5+	d2d4 g8f6 c2c4 g7g6 g1f3 f8g7 g2g3 c7c5 f1g2 d8a5	rnb1k2r/pp1pppbp/5np1/q1p5/2PP4/5NP1/PP2PPBP/RNBQK2R w KQkq -
E64	King's Indian Defense: Fianchetto Variation, Yugoslav System	1. d4 Nf6 2. c4 g6 3. Nf3 Bg7 4. g3 d6 5. Bg2 O-O 6. O-O c5	d2d4 g8f6 c2c4 g7g6 g1f3 f8g7 g2g3 d7d6 f1g2 e8g8 e1g1 c7c5	rnbq1rk1/pp2ppbp/3p1np1/2p5/2PP4/5NP1/PP2PPBP/RNBQ1RK1 w - -
E64	King's Indian Defense: Fianchetto Variation, Yugoslav Variation, Rare Line	1. d4 Nf6 2. c4 g6 3. g3 Bg7 4. Bg2 O-O 5. Nc3 d6 6. Nf3 c5	d2d4 g8f6 c2c4 g7g6 g2g3 f8g7 f1g2 e8g8 b1c3 d7d6 g1f3 c7c5	rnbq1rk1/pp2ppbp/3p1np1/2p5/2PP4/2N2NP1/PP2PPBP/R1BQK2R w KQ -
E65	King's Indian Defense: Fianchetto Variation, Yugoslav Variation	1. d4 Nf6 2. c4 g6 3. Nf3 Bg7 4. g3 O-O 5. Bg2 d6 6. O-O c5 7. Nc3	d2d4 g8f6 c2c4 g7g6 g1f3 f8g7 g2g3 e8g8 f1g2 d7d6 e1g1 c7c5 b1c3	rnbq1rk1/pp2ppbp/3p1np1/2p5/2PP4/2N2NP1/PP2PPBP/R1BQ1RK1 b - -
E65	King's Indian Defense: Fianchetto Variation, Yugoslav Variation, Exchange Line	1. d4 Nf6 2. c4 g6 3. Nf3 Bg7 4. g3 O-O 5. Bg2 d6 6. O-O c5 7. Nc3 Nc6 8. dxc5 dxc5	d2d4 g8f6 c2c4 g7g6 g1f3 f8g7 g2g3 e8g8 f1g2 d7d6 e1g1 c7c5 b1c3 b8c6 d4c5 d6c5	r1bq1rk1/pp2ppbp/2n2np1/2p5/2P5/2N2NP1/PP2PPBP/R1BQ1RK1 w - -
E66	King's Indian Defense: Fianchetto Variation, Yugoslav Variation, Advance Line	1. d4 Nf6 2. c4 g6 3. Nf3 Bg7 4. g3 O-O 5. Bg2 d6 6. O-O c5 7. Nc3 Nc6 8. d5	d2d4 g8f6 c2c4 g7g6 g1f3 f8g7 g2g3 e8g8 f1g2 d7d6 e1g1 c7c5 b1c3 b8c6 d4d5	r1bq1rk1/pp2ppbp/2np1np1/2pP4/2P5/2N2NP1/PP2PPBP/R1BQ1RK1 b - -
E67	King's Indian Defense: Fianchetto Variation, Classical Fianchetto	1. d4 Nf6 2. c4 g6 3. Nf3 Bg7 4. g3 O-O 5. Bg2 d6 6. O-O Nbd7 7. Nc3 e5	d2d4 g8f6 c2c4 g7g6 g1f3 f8g7 g2g3 e8g8 f1g2 d7d6 e1g1 b8d7 b1c3 e7e5	r1bq1rk1/pppn1pbp/3p1np1/4p3/2PP4/2N2NP1/PP2PPBP/R1BQ1RK1 w - -
E67	King's Indian Defense: Fianchetto Variation, Debrecen Defense	1. d4 Nf6 2. c4 g6 3. g3 Bg7 4. Bg2 O-O 5. Nc3 d6 6. Nf3 Nbd7	d2d4 g8f6 c2c4 g7g6 g2g3 f8g7 f1g2 e8g8 b1c3 d7d6 g1f3 b8d7	r1bq1rk1/pppnppbp/3p1np1/8/2PP4/2N2NP1/PP2PPBP/R1BQK2R w KQ -
E68	King's Indian Defense: Fianchetto Variation, Classical Variation	1. d4 Nf6 2. c4 g6 3. Nf3 Bg7 4. g3 O-O 5. Bg2 d6 6. O-O Nbd7 7. Nc3 e5 8. e4	d2d4 g8f6 c2c4 g7g6 g1f3 f8g7 g2g3 e8g8 f1g2 d7d6 e1g1 b8d7 b1c3 e7e5 e2e4	r1bq1rk1/pppn1pbp/3p1np1/4p3/2PPP3/2N2NP1/PP3PBP/R1BQ1RK1 b - -
E68	King's Indian Defense: Fianchetto Variation, Long Variation	1. d4 Nf6 2. c4 g6 3. Nc3 Bg7 4. Nf3 d6 5. g3 O-O 6. Bg2 Nbd7 7. O-O e5 8. e4 Re8 9. h3 exd4 10. Nxd4 Nc5 11. Re1 a5	d2d4 g8f6 c2c4 g7g6 b1c3 f8g7 g1f3 d7d6 g2g3 e8g8 f1g2 b8d7 e1g1 e7e5 e2e4 f8e8 h2h3 e5d4 f3d4 d7c5 f1e1 a7a5	r1bqr1k1/1pp2pbp/3p1np1/p1n5/2PNP3/2N3PP/PP3PB1/R1BQR1K1 w - -
E69	King's Indian Defense: Fianchetto Variation, Classical Main Line	1. d4 Nf6 2. c4 g6 3. Nf3 Bg7 4. g3 O-O 5. Bg2 d6 6. O-O Nbd7 7. Nc3 e5 8. e4 c6 9. h3	d2d4 g8f6 c2c4 g7g6 g1f3 f8g7 g2g3 e8g8 f1g2 d7d6 e1g1 b8d7 b1c3 e7e5 e2e4 c7c6 h2h3	r1bq1rk1/pp1n1pbp/2pp1np1/4p3/2PPP3/2N2NPP/PP3PB1/R1BQ1RK1 b - -
E70	King's Indian Defense: Accelerated Averbakh Variation	1. d4 Nf6 2. c4 g6 3. Nc3 Bg7 4. e4 d6 5. Bg5	d2d4 g8f6 c2c4 g7g6 b1c3 f8g7 e2e4 d7d6 c1g5	rnbqk2r/ppp1ppbp/3p1np1/6B1/2PPP3/2N5/PP3PPP/R2QKBNR b KQkq -
E70	King's Indian Defense: Kramer Variation	1. d4 Nf6 2. c4 g6 3. Nc3 Bg7 4. e4 d6 5. Nge2	d2d4 g8f6 c2c4 g7g6 b1c3 f8g7 e2e4 d7d6 g1e2	rnbqk2r/ppp1ppbp/3p1np1/8/2PPP3/2N5/PP2NPPP/R1BQKB1R b KQkq -
E70	King's Indian Defense: Normal Variation	1. d4 Nf6 2. c4 g6 3. Nc3 Bg7 4. e4	d2d4 g8f6 c2c4 g7g6 b1c3 f8g7 e2e4	rnbqk2r/ppppppbp/5np1/8/2PPP3/2N5/PP3PPP/R1BQKBNR b KQkq -
E70	King's Indian Defense: Normal Variation	1. d4 Nf6 2. c4 g6 3. Nc3 Bg7 4. e4 d6	d2d4 g8f6 c2c4 g7g6 b1c3 f8g7 e2e4 d7d6	rnbqk2r/ppp1ppbp/3p1np1/8/2PPP3/2N5/PP3PPP/R1BQKBNR w KQkq -
E71	King's Indian Defense: Makogonov Variation	1. d4 Nf6 2. c4 g6 3. Nc3 Bg7 4. e4 d6 5. h3	d2d4 g8f6 c2c4 g7g6 b1c3 f8g7 e2e4 d7d6 h2h3	rnbqk2r/ppp1ppbp/3p1np1/8/2PPP3/2N4P/PP3PP1/R1BQKBNR b KQkq -
E72	King's Indian Defense: Normal Variation, Deferred Fianchetto	1. d4 Nf6 2. c4 g6 3. Nc3 Bg7 4. e4 d6 5. g3	d2d4 g8f6 c2c4 g7g6 b1c3 f8g7 e2e4 d7d6 g2g3	rnbqk2r/ppp1ppbp/3p1np1/8/2PPP3/2N3P1/PP3P1P/R1BQKBNR b KQkq -
E72	King's Indian Defense: Pomar System	1. d4 Nf6 2. c4 g6 3. Nc3 Bg7 4. e4 d6 5. g3 O-O 6. Bg2 e5 7. Nge2	d2d4 g8f6 c2c4 g7g6 b1c3 f8g7 e2e4 d7d6 g2g3 e8g8 f1g2 e7e5 g1e2	rnbq1rk1/ppp2pbp/3p1np1/4p3/2PPP3/2N3P1/PP2NPBP/R1BQK2R b KQ -
E73	King's Indian Defense: Averbakh Variation	1. d4 Nf6 2. c4 g6 3. Nc3 Bg7 4. e4 d6 5. Be2 O-O 6. Bg5	d2d4 g8f6 c2c4 g7g6 b1c3 f8g7 e2e4 d7d6 f1e2 e8g8 c1g5	rnbq1rk1/ppp1ppbp/3p1np1/6B1/2PPP3/2N5/PP2BPPP/R2QK1NR b KQ -
E73	King's Indian Defense: Averbakh Variation, Flexible Defense	1. d4 Nf6 2. c4 g6 3. Nc3 Bg7 4. e4 d6 5. Be2 O-O 6. Bg5 h6	d2d4 g8f6 c2c4 g7g6 b1c3 f8g7 e2e4 d7d6 f1e2 e8g8 c1g5 h7h6	rnbq1rk1/ppp1ppb1/3p1npp/6B1/2PPP3/2N5/PP2BPPP/R2QK1NR w KQ -
E73	King's Indian Defense: Averbakh Variation, Geller Defense	1. d4 Nf6 2. c4 g6 3. Nc3 Bg7 4. e4 d6 5. Be2 O-O 6. Bg5 Nbd7	d2d4 g8f6 c2c4 g7g6 b1c3 f8g7 e2e4 d7d6 f1e2 e8g8 c1g5 b8d7	r1bq1rk1/pppnppbp/3p1np1/6B1/2PPP3/2N5/PP2BPPP/R2QK1NR w KQ -
E73	King's Indian Defense: Averbakh Variation, Modern Defense	1. d4 Nf6 2. c4 g6 3. Nc3 Bg7 4. e4 d6 5. Be2 O-O 6. Bg5 Na6	d2d4 g8f6 c2c4 g7g6 b1c3 f8g7 e2e4 d7d6 f1e2 e8g8 c1g5 b8a6	r1bq1rk1/ppp1ppbp/n2p1np1/6B1/2PPP3/2N5/PP2BPPP/R2QK1NR w KQ -
E73	King's Indian Defense: Averbakh Variation, Modern Defense, Burgess Line	1. d4 Nf6 2. c4 g6 3. Nc3 Bg7 4. e4 d6 5. Be2 O-O 6. Bg5 Na6 7. Qd2 c6	d2d4 g8f6 c2c4 g7g6 b1c3 f8g7 e2e4 d7d6 f1e2 e8g8 c1g5 b8a6 d1d2 c7c6	r1bq1rk1/pp2ppbp/n1pp1np1/6B1/2PPP3/2N5/PP1QBPPP/R3K1NR w KQ -
E73	King's Indian Defense: Averbakh Variation, Nc6 Defense	1. d4 Nf6 2. c4 g6 3. Nc3 Bg7 4. e4 d6 5. Be2 O-O 6. Bg5 Nc6	d2d4 g8f6 c2c4 g7g6 b1c3 f8g7 e2e4 d7d6 f1e2 e8g8 c1g5 b8c6	r1bq1rk1/ppp1ppbp/2np1np1/6B1/2PPP3/2N5/PP2BPPP/R2QK1NR w KQ -
E73	King's Indian Defense: Averbakh Variation, Spanish Defense	1. d4 Nf6 2. c4 g6 3. Nc3 Bg7 4. e4 d6 5. Be2 O-O 6. Bg5 a6	d2d4 g8f6 c2c4 g7g6 b1c3 f8g7 e2e4 d7d6 f1e2 e8g8 c1g5 a7a6	rnbq1rk1/1pp1ppbp/p2p1np1/6B1/2PPP3/2N5/PP2BPPP/R2QK1NR w KQ -
E73	King's Indian Defense: Normal Variation, Standard Development	1. d4 Nf6 2. c4 g6 3. Nc3 Bg7 4. e4 d6 5. Be2	d2d4 g8f6 c2c4 g7g6 b1c3 f8g7 e2e4 d7d6 f1e2	rnbqk2r/ppp1ppbp/3p1np1/8/2PPP3/2N5/PP2BPPP/R1BQK1NR b KQkq -
E73	King's Indian Defense: Semi-Averbakh System	1. d4 Nf6 2. c4 g6 3. Nc3 Bg7 4. e4 d6 5. Be2 O-O 6. Be3	d2d4 g8f6 c2c4 g7g6 b1c3 f8g7 e2e4 d7d6 f1e2 e8g8 c1e3	rnbq1rk1/ppp1ppbp/3p1np1/8/2PPP3/2N1B3/PP2BPPP/R2QK1NR b KQ -
E74	King's Indian Defense: Averbakh Variation, Benoni Defense	1. d4 Nf6 2. c4 g6 3. Nc3 Bg7 4. e4 d6 5. Be2 O-O 6. Bg5 c5	d2d4 g8f6 c2c4 g7g6 b1c3 f8g7 e2e4 d7d6 f1e2 e8g8 c1g5 c7c5	rnbq1rk1/pp2ppbp/3p1np1/2p3B1/2PPP3/2N5/PP2BPPP/R2QK1NR w KQ -
E74	King's Indian Defense: Averbakh Variation, Benoni Defense, Advance Variation	1. d4 Nf6 2. c4 g6 3. Nc3 Bg7 4. e4 d6 5. Be2 O-O 6. Bg5 c5 7. d5	d2d4 g8f6 c2c4 g7g6 b1c3 f8g7 e2e4 d7d6 f1e2 e8g8 c1g5 c7c5 d4d5	rnbq1rk1/pp2ppbp/3p1np1/2pP2B1/2P1P3/2N5/PP2BPPP/R2QK1NR b KQ -
E74	King's Indian Defense: Averbakh Variation, Benoni Defense, Exchange Variation	1. d4 Nf6 2. c4 g6 3. Nc3 Bg7 4. e4 d6 5. Be2 O-O 6. Bg5 c5 7. dxc5	d2d4 g8f6 c2c4 g7g6 b1c3 f8g7 e2e4 d7d6 f1e2 e8g8 c1g5 c7c5 d4c5	rnbq1rk1/pp2ppbp/3p1np1/2P3B1/2P1P3/2N5/PP2BPPP/R2QK1NR b KQ -
E75	King's Indian Defense: Averbakh Variation, Main Line	1. d4 Nf6 2. c4 g6 3. Nc3 Bg7 4. e4 d6 5. Be2 O-O 6. Bg5 c5 7. d5 e6	d2d4 g8f6 c2c4 g7g6 b1c3 f8g7 e2e4 d7d6 f1e2 e8g8 c1g5 c7c5 d4d5 e7e6	rnbq1rk1/pp3pbp/3ppnp1/2pP2B1/2P1P3/2N5/PP2BPPP/R2QK1NR w KQ -
E76	King's Indian Defense: Four Pawns Attack	1. d4 Nf6 2. c4 g6 3. Nc3 Bg7 4. e4 d6 5. f4	d2d4 g8f6 c2c4 g7g6 b1c3 f8g7 e2e4 d7d6 f2f4	rnbqk2r/ppp1ppbp/3p1np1/8/2PPPP2/2N5/PP4PP/R1BQKBNR b KQkq -
E76	King's Indian Defense: Four Pawns Attack, Dynamic Attack	1. d4 Nf6 2. c4 g6 3. Nc3 Bg7 4. e4 d6 5. f4 O-O 6. Nf3 c5 7. d5	d2d4 g8f6 c2c4 g7g6 b1c3 f8g7 e2e4 d7d6 f2f4 e8g8 g1f3 c7c5 d4d5	rnbq1rk1/pp2ppbp/3p1np1/2pP4/2P1PP2/2N2N2/PP4PP/R1BQKB1R b KQ -
E76	King's Indian Defense: Four Pawns Attack, Modern Defense	1. d4 Nf6 2. c4 g6 3. Nc3 Bg7 4. e4 d6 5. f4 Na6	d2d4 g8f6 c2c4 g7g6 b1c3 f8g7 e2e4 d7d6 f2f4 b8a6	r1bqk2r/ppp1ppbp/n2p1np1/8/2PPPP2/2N5/PP4PP/R1BQKBNR w KQkq -
E77	King's Indian Defense: Four Pawns Attack	1. d4 Nf6 2. c4 g6 3. Nc3 Bg7 4. e4 d6 5. Be2 O-O 6. f4	d2d4 g8f6 c2c4 g7g6 b1c3 f8g7 e2e4 d7d6 f1e2 e8g8 f2f4	rnbq1rk1/ppp1ppbp/3p1np1/8/2PPPP2/2N5/PP2B1PP/R1BQK1NR b KQ -
E77	King's Indian Defense: Four Pawns Attack, Florentine Gambit	1. d4 Nf6 2. c4 g6 3. Nc3 Bg7 4. e4 d6 5. f4 O-O 6. Nf3 c5 7. d5 e6 8. Be2 exd5 9. e5	d2d4 g8f6 c2c4 g7g6 b1c3 f8g7 e2e4 d7d6 f2f4 e8g8 g1f3 c7c5 d4d5 e7e6 f1e2 e6d5 e4e5	rnbq1rk1/pp3pbp/3p1np1/2ppP3/2P2P2/2N2N2/PP2B1PP/R1BQK2R b KQ -
E77	King's Indian Defense: Four Pawns Attack, Normal Attack	1. d4 Nf6 2. c4 g6 3. Nc3 Bg7 4. e4 d6 5. f4 O-O 6. Nf3 c5 7. d5 e6 8. Be2	d2d4 g8f6 c2c4 g7g6 b1c3 f8g7 e2e4 d7d6 f2f4 e8g8 g1f3 c7c5 d4d5 e7e6 f1e2	rnbq1rk1/pp3pbp/3ppnp1/2pP4/2P1PP2/2N2N2/PP2B1PP/R1BQK2R b KQ -
E77	King's Indian Defense: Six Pawns Attack	1. d4 Nf6 2. c4 g6 3. Nc3 Bg7 4. e4 d6 5. f4 O-O 6. Be2 c5 7. d5 e6 8. dxe6 fxe6 9. g4 Nc6 10. h4	d2d4 g8f6 c2c4 g7g6 b1c3 f8g7 e2e4 d7d6 f2f4 e8g8 f1e2 c7c5 d4d5 e7e6 d5e6 f7e6 g2g4 b8c6 h2h4	r1bq1rk1/pp4bp/2nppnp1/2p5/2P1PPPP/2N5/PP2B3/R1BQK1NR b KQ -
E78	King's Indian Defense: Four Pawns Attack, Fluid Attack	1. d4 Nf6 2. c4 g6 3. Nc3 Bg7 4. e4 d6 5. f4 O-O 6. Nf3 c5 7. Be2	d2d4 g8f6 c2c4 g7g6 b1c3 f8g7 e2e4 d7d6 f2f4 e8g8 g1f3 c7c5 f1e2	rnbq1rk1/pp2ppbp/3p1np1/2p5/2PPPP2/2N2N2/PP2B1PP/R1BQK2R b KQ -
E79	King's Indian Defense: Four Pawns Attack, Exchange Variation	1. d4 Nf6 2. c4 g6 3. Nc3 Bg7 4. e4 d6 5. f4 O-O 6. Nf3 c5 7. Be2 cxd4 8. Nxd4 Nc6 9. Be3	d2d4 g8f6 c2c4 g7g6 b1c3 f8g7 e2e4 d7d6 f2f4 e8g8 g1f3 c7c5 f1e2 c5d4 f3d4 b8c6 c1e3	r1bq1rk1/pp2ppbp/2np1np1/8/2PNPP2/2N1B3/PP2B1PP/R2QK2R b KQ -
E80	King's Indian Defense: Sämisch Variation	1. d4 Nf6 2. c4 g6 3. Nc3 Bg7 4. e4 d6 5. f3	d2d4 g8f6 c2c4 g7g6 b1c3 f8g7 e2e4 d7d6 f2f3	rnbqk2r/ppp1ppbp/3p1np1/8/2PPP3/2N2P2/PP4PP/R1BQKBNR b KQkq -
E81	King's Indian Defense: Steiner Attack	1. d4 Nf6 2. c4 g6 3. Nc3 Bg7 4. e4 d6 5. f3 O-O 6. Bg5	d2d4 g8f6 c2c4 g7g6 b1c3 f8g7 e2e4 d7d6 f2f3 e8g8 c1g5	rnbq1rk1/ppp1ppbp/3p1np1/6B1/2PPP3/2N2P2/PP4PP/R2QKBNR b KQ -
E81	King's Indian Defense: Sämisch Variation, Bobotsov-Korchnoi-Petrosian Variation	1. d4 Nf6 2. c4 g6 3. Nc3 Bg7 4. e4 d6 5. f3 O-O 6. Nge2	d2d4 g8f6 c2c4 g7g6 b1c3 f8g7 e2e4 d7d6 f2f3 e8g8 g1e2	rnbq1rk1/ppp1ppbp/3p1np1/8/2PPP3/2N2P2/PP2N1PP/R1BQKB1R b KQ -
E81	King's Indian Defense: Sämisch Variation, Byrne Defense	1. d4 Nf6 2. c4 g6 3. Nc3 Bg7 4. e4 d6 5. f3 O-O 6. Be3 c6 7. Bd3 a6	d2d4 g8f6 c2c4 g7g6 b1c3 f8g7 e2e4 d7d6 f2f3 e8g8 c1e3 c7c6 f1d3 a7a6	rnbq1rk1/1p2ppbp/p1pp1np1/8/2PPP3/2NBBP2/PP4PP/R2QK1NR w KQ -
E81	King's Indian Defense: Sämisch Variation, Normal Defense	1. d4 Nf6 2. c4 g6 3. Nc3 Bg7 4. e4 d6 5. f3 O-O	d2d4 g8f6 c2c4 g7g6 b1c3 f8g7 e2e4 d7d6 f2f3 e8g8	rnbq1rk1/ppp1ppbp/3p1np1/8/2PPP3/2N2P2/PP4PP/R1BQKBNR w KQ -
E81	King's Indian Defense: Sämisch Variation, Sämisch Gambit	1. d4 Nf6 2. c4 g6 3. Nc3 Bg7 4. e4 d6 5. f3 O-O 6. Be3 c5	d2d4 g8f6 c2c4 g7g6 b1c3 f8g7 e2e4 d7d6 f2f3 e8g8 c1e3 c7c5	rnbq1rk1/pp2ppbp/3p1np1/2p5/2PPP3/2N1BP2/PP4PP/R2QKBNR w KQ -
E82	King's Indian Defense: Sämisch Variation, Double Fianchetto	1. d4 Nf6 2. c4 g6 3. Nc3 Bg7 4. e4 d6 5. f3 O-O 6. Be3 b6	d2d4 g8f6 c2c4 g7g6 b1c3 f8g7 e2e4 d7d6 f2f3 e8g8 c1e3 b7b6	rnbq1rk1/p1p1ppbp/1p1p1np1/8/2PPP3/2N1BP2/PP4PP/R2QKBNR w KQ -
E83	King's Indian Defense: Sämisch Variation, Panno Formation	1. d4 Nf6 2. c4 g6 3. Nc3 Bg7 4. e4 d6 5. f3 O-O 6. Be3 Nc6 7. Nge2 a6	d2d4 g8f6 c2c4 g7g6 b1c3 f8g7 e2e4 d7d6 f2f3 e8g8 c1e3 b8c6 g1e2 a7a6	r1bq1rk1/1pp1ppbp/p1np1np1/8/2PPP3/2N1BP2/PP2N1PP/R2QKB1R w KQ -
E83	King's Indian Defense: Sämisch Variation, Ruban Variation	1. d4 Nf6 2. c4 g6 3. Nc3 Bg7 4. e4 d6 5. f3 O-O 6. Be3 Nc6 7. Nge2 Rb8	d2d4 g8f6 c2c4 g7g6 b1c3 f8g7 e2e4 d7d6 f2f3 e8g8 c1e3 b8c6 g1e2 a8b8	1rbq1rk1/ppp1ppbp/2np1np1/8/2PPP3/2N1BP2/PP2N1PP/R2QKB1R w KQ -
E83	King's Indian Defense: Sämisch Variation, Yates Defense	1. d4 Nf6 2. c4 g6 3. Nc3 Bg7 4. e4 d6 5. f3 O-O 6. Be3 Nc6	d2d4 g8f6 c2c4 g7g6 b1c3 f8g7 e2e4 d7d6 f2f3 e8g8 c1e3 b8c6	r1bq1rk1/ppp1ppbp/2np1np1/8/2PPP3/2N1BP2/PP4PP/R2QKBNR w KQ -
E84	King's Indian Defense: Sämisch Variation, Panno Main Line	1. d4 Nf6 2. c4 g6 3. Nc3 Bg7 4. e4 d6 5. f3 O-O 6. Be3 Nc6 7. Nge2 a6 8. Qd2 Rb8	d2d4 g8f6 c2c4 g7g6 b1c3 f8g7 e2e4 d7d6 f2f3 e8g8 c1e3 b8c6 g1e2 a7a6 d1d2 a8b8	1rbq1rk1/1pp1ppbp/p1np1np1/8/2PPP3/2N1BP2/PP1QN1PP/R3KB1R w KQ -
E85	King's Indian Defense: Sämisch Variation, Orthodox Variation	1. d4 Nf6 2. c4 g6 3. Nc3 Bg7 4. e4 d6 5. f3 O-O 6. Be3 e5	d2d4 g8f6 c2c4 g7g6 b1c3 f8g7 e2e4 d7d6 f2f3 e8g8 c1e3 e7e5	rnbq1rk1/ppp2pbp/3p1np1/4p3/2PPP3/2N1BP2/PP4PP/R2QKBNR w KQ -
E86	King's Indian Defense: Sämisch Variation	1. d4 Nf6 2. c4 g6 3. Nc3 Bg7 4. e4 d6 5. f3 O-O 6. Be3 e5 7. Nge2 c6	d2d4 g8f6 c2c4 g7g6 b1c3 f8g7 e2e4 d7d6 f2f3 e8g8 c1e3 e7e5 g1e2 c7c6	rnbq1rk1/pp3pbp/2pp1np1/4p3/2PPP3/2N1BP2/PP2N1PP/R2QKB1R w KQ -
E87	King's Indian Defense: Sämisch Variation, Bronstein Defense	1. d4 Nf6 2. c4 g6 3. Nc3 Bg7 4. e4 d6 5. f3 O-O 6. Be3 e5 7. d5 Nh5 8. Qd2 Qh4+ 9. g3 Nxg3 10. Qf2 Nxf1 11. Qxh4 Nxe3 12. Ke2	d2d4 g8f6 c2c4 g7g6 b1c3 f8g7 e2e4 d7d6 f2f3 e8g8 c1e3 e7e5 d4d5 f6h5 d1d2 d8h4 g2g3 h5g3 d2f2 g3f1 f2h4 f1e3 e1e2	rnb2rk1/ppp2pbp/3p2p1/3Pp3/2P1P2Q/2N1nP2/PP2K2P/R5NR b - -
E87	King's Indian Defense: Sämisch Variation, Closed Variation	1. d4 Nf6 2. c4 g6 3. Nc3 Bg7 4. e4 d6 5. f3 O-O 6. Be3 e5 7. d5	d2d4 g8f6 c2c4 g7g6 b1c3 f8g7 e2e4 d7d6 f2f3 e8g8 c1e3 e7e5 d4d5	rnbq1rk1/ppp2pbp/3p1np1/3Pp3/2P1P3/2N1BP2/PP4PP/R2QKBNR b KQ -
E87	King's Indian Defense: Sämisch Variation, Orthodox Variation, Bronstein Variation	1. d4 Nf6 2. c4 g6 3. Nc3 Bg7 4. e4 d6 5. f3 O-O 6. Be3 e5 7. d5 Nh5 8. Qd2 Qh4+ 9. g3 Nxg3 10. Qf2 Nxf1 11. Qxh4 Nxe3 12. Ke2 Nxc4	d2d4 g8f6 c2c4 g7g6 b1c3 f8g7 e2e4 d7d6 f2f3 e8g8 c1e3 e7e5 d4d5 f6h5 d1d2 d8h4 g2g3 h5g3 d2f2 g3f1 f2h4 f1e3 e1e2 e3c4	rnb2rk1/ppp2pbp/3p2p1/3Pp3/2n1P2Q/2N2P2/PP2K2P/R5NR w - -
E89	King's Indian Defense: Sämisch Variation, Closed Variation, Main Line	1. d4 Nf6 2. c4 g6 3. Nc3 Bg7 4. e4 d6 5. f3 O-O 6. Be3 e5 7. Nge2 c6 8. d5 cxd5	d2d4 g8f6 c2c4 g7g6 b1c3 f8g7 e2e4 d7d6 f2f3 e8g8 c1e3 e7e5 g1e2 c7c6 d4d5 c6d5	rnbq1rk1/pp3pbp/3p1np1/3pp3/2P1P3/2N1BP2/PP2N1PP/R2QKB1R w KQ -
E90	King's Indian Defense: Larsen Variation	1. d4 Nf6 2. c4 g6 3. Nc3 Bg7 4. e4 d6 5. Nf3 O-O 6. Be3	d2d4 g8f6 c2c4 g7g6 b1c3 f8g7 e2e4 d7d6 g1f3 e8g8 c1e3	rnbq1rk1/ppp1ppbp/3p1np1/8/2PPP3/2N1BN2/PP3PPP/R2QKB1R b KQ -
E90	King's Indian Defense: Normal Variation, Rare Defenses	1. d4 Nf6 2. c4 g6 3. Nc3 Bg7 4. e4 d6 5. Nf3	d2d4 g8f6 c2c4 g7g6 b1c3 f8g7 e2e4 d7d6 g1f3	rnbqk2r/ppp1ppbp/3p1np1/8/2PPP3/2N2N2/PP3PPP/R1BQKB1R b KQkq -
E90	King's Indian Defense: Zinnowitz Variation	1. d4 Nf6 2. c4 g6 3. Nc3 Bg7 4. e4 d6 5. Nf3 O-O 6. Bg5	d2d4 g8f6 c2c4 g7g6 b1c3 f8g7 e2e4 d7d6 g1f3 e8g8 c1g5	rnbq1rk1/ppp1ppbp/3p1np1/6B1/2PPP3/2N2N2/PP3PPP/R2QKB1R b KQ -
E91	King's Indian Defense: Kazakh Variation	1. d4 Nf6 2. c4 g6 3. Nc3 Bg7 4. e4 d6 5. Nf3 O-O 6. Be2 Na6	d2d4 g8f6 c2c4 g7g6 b1c3 f8g7 e2e4 d7d6 g1f3 e8g8 f1e2 b8a6	r1bq1rk1/ppp1ppbp/n2p1np1/8/2PPP3/2N2N2/PP2BPPP/R1BQK2R w KQ -
E91	King's Indian Defense: Orthodox Variation	1. d4 Nf6 2. c4 g6 3. Nc3 Bg7 4. e4 d6 5. Nf3 O-O 6. Be2	d2d4 g8f6 c2c4 g7g6 b1c3 f8g7 e2e4 d7d6 g1f3 e8g8 f1e2	rnbq1rk1/ppp1ppbp/3p1np1/8/2PPP3/2N2N2/PP2BPPP/R1BQK2R b KQ -
E92	King's Indian Defense: Exchange Variation	1. d4 Nf6 2. c4 g6 3. Nc3 Bg7 4. e4 d6 5. Nf3 O-O 6. Be2 e5 7. dxe5	d2d4 g8f6 c2c4 g7g6 b1c3 f8g7 e2e4 d7d6 g1f3 e8g8 f1e2 e7e5 d4e5	rnbq1rk1/ppp2pbp/3p1np1/4P3/2P1P3/2N2N2/PP2BPPP/R1BQK2R b KQ -
E92	King's Indian Defense: Orthodox Variation	1. d4 Nf6 2. c4 g6 3. Nc3 Bg7 4. e4 d6 5. Nf3 O-O 6. Be2 e5	d2d4 g8f6 c2c4 g7g6 b1c3 f8g7 e2e4 d7d6 g1f3 e8g8 f1e2 e7e5	rnbq1rk1/ppp2pbp/3p1np1/4p3/2PPP3/2N2N2/PP2BPPP/R1BQK2R w KQ -
E92	King's Indian Defense: Orthodox Variation, Gligoric-Taimanov System	1. d4 Nf6 2. c4 g6 3. Nc3 Bg7 4. e4 d6 5. Nf3 O-O 6. Be2 e5 7. Be3	d2d4 g8f6 c2c4 g7g6 b1c3 f8g7 e2e4 d7d6 g1f3 e8g8 f1e2 e7e5 c1e3	rnbq1rk1/ppp2pbp/3p1np1/4p3/2PPP3/2N1BN2/PP2BPPP/R2QK2R b KQ -
E92	King's Indian Defense: Petrosian Variation	1. d4 Nf6 2. c4 g6 3. Nc3 Bg7 4. e4 d6 5. Nf3 O-O 6. Be2 e5 7. d5	d2d4 g8f6 c2c4 g7g6 b1c3 f8g7 e2e4 d7d6 g1f3 e8g8 f1e2 e7e5 d4d5	rnbq1rk1/ppp2pbp/3p1np1/3Pp3/2P1P3/2N2N2/PP2BPPP/R1BQK2R b KQ -
E92	King's Indian Defense: Petrosian Variation, Stein Defense	1. d4 Nf6 2. c4 g6 3. Nc3 Bg7 4. e4 d6 5. Nf3 O-O 6. Be2 e5 7. d5 a5	d2d4 g8f6 c2c4 g7g6 b1c3 f8g7 e2e4 d7d6 g1f3 e8g8 f1e2 e7e5 d4d5 a7a5	rnbq1rk1/1pp2pbp/3p1np1/p2Pp3/2P1P3/2N2N2/PP2BPPP/R1BQK2R w KQ -
E93	King's Indian Defense: Petrosian Variation, Keres Defense	1. d4 Nf6 2. c4 g6 3. Nc3 Bg7 4. e4 d6 5. Nf3 O-O 6. Be2 e5 7. d5 Nbd7 8. Bg5 h6 9. Bh4 g5 10. Bg3 Nh5 11. h4	d2d4 g8f6 c2c4 g7g6 b1c3 f8g7 e2e4 d7d6 g1f3 e8g8 f1e2 e7e5 d4d5 b8d7 c1g5 h7h6 g5h4 g6g5 h4g3 f6h5 h2h4	r1bq1rk1/pppn1pb1/3p3p/3Pp1pn/2P1P2P/2N2NB1/PP2BPP1/R2QK2R b KQ -
E93	King's Indian Defense: Petrosian Variation, Normal Defense	1. d4 Nf6 2. c4 g6 3. Nc3 Bg7 4. e4 d6 5. Nf3 O-O 6. Be2 e5 7. d5 Nbd7	d2d4 g8f6 c2c4 g7g6 b1c3 f8g7 e2e4 d7d6 g1f3 e8g8 f1e2 e7e5 d4d5 b8d7	r1bq1rk1/pppn1pbp/3p1np1/3Pp3/2P1P3/2N2N2/PP2BPPP/R1BQK2R w KQ -
E94	King's Indian Defense: Orthodox Variation	1. d4 Nf6 2. c4 g6 3. Nc3 Bg7 4. e4 d6 5. Nf3 O-O 6. Be2 e5 7. O-O	d2d4 g8f6 c2c4 g7g6 b1c3 f8g7 e2e4 d7d6 g1f3 e8g8 f1e2 e7e5 e1g1	rnbq1rk1/ppp2pbp/3p1np1/4p3/2PPP3/2N2N2/PP2BPPP/R1BQ1RK1 b - -
E94	King's Indian Defense: Orthodox Variation, Donner Defense	1. d4 Nf6 2. c4 g6 3. Nc3 Bg7 4. e4 d6 5. Nf3 O-O 6. Be2 e5 7. O-O c6	d2d4 g8f6 c2c4 g7g6 b1c3 f8g7 e2e4 d7d6 g1f3 e8g8 f1e2 e7e5 e1g1 c7c6	rnbq1rk1/pp3pbp/2pp1np1/4p3/2PPP3/2N2N2/PP2BPPP/R1BQ1RK1 w - -
E94	King's Indian Defense: Orthodox Variation, Glek Defense	1. d4 Nf6 2. c4 g6 3. Nc3 Bg7 4. e4 d6 5. Nf3 O-O 6. Be2 e5 7. O-O Na6	d2d4 g8f6 c2c4 g7g6 b1c3 f8g7 e2e4 d7d6 g1f3 e8g8 f1e2 e7e5 e1g1 b8a6	r1bq1rk1/ppp2pbp/n2p1np1/4p3/2PPP3/2N2N2/PP2BPPP/R1BQ1RK1 w - -
E94	King's Indian Defense: Orthodox Variation, Positional Defense	1. d4 Nf6 2. c4 d6 3. Nc3 Nbd7 4. e4 e5 5. Nf3 g6 6. Be2 Bg7 7. O-O O-O	d2d4 g8f6 c2c4 d7d6 b1c3 b8d7 e2e4 e7e5 g1f3 g7g6 f1e2 f8g7 e1g1 e8g8	r1bq1rk1/pppn1pbp/3p1np1/4p3/2PPP3/2N2N2/PP2BPPP/R1BQ1RK1 w - -
E94	King's Indian Defense: Orthodox Variation, Positional Defense, Closed Line	1. d4 Nf6 2. c4 g6 3. Nc3 Bg7 4. e4 d6 5. Nf3 O-O 6. Be2 Nbd7 7. O-O e5 8. d5	d2d4 g8f6 c2c4 g7g6 b1c3 f8g7 e2e4 d7d6 g1f3 e8g8 f1e2 b8d7 e1g1 e7e5 d4d5	r1bq1rk1/pppn1pbp/3p1np1/3Pp3/2P1P3/2N2N2/PP2BPPP/R1BQ1RK1 b - -
E94	King's Indian Defense: Orthodox Variation, Ukrainian Defense	1. d4 Nf6 2. c4 g6 3. Nc3 Bg7 4. e4 d6 5. Nf3 O-O 6. Be2 e5 7. O-O a5	d2d4 g8f6 c2c4 g7g6 b1c3 f8g7 e2e4 d7d6 g1f3 e8g8 f1e2 e7e5 e1g1 a7a5	rnbq1rk1/1pp2pbp/3p1np1/p3p3/2PPP3/2N2N2/PP2BPPP/R1BQ1RK1 w - -
E95	King's Indian Defense: Orthodox Variation	1. d4 Nf6 2. c4 g6 3. Nc3 Bg7 4. e4 d6 5. Nf3 O-O 6. Be2 e5 7. O-O Nbd7 8. Re1	d2d4 g8f6 c2c4 g7g6 b1c3 f8g7 e2e4 d7d6 g1f3 e8g8 f1e2 e7e5 e1g1 b8d7 f1e1	r1bq1rk1/pppn1pbp/3p1np1/4p3/2PPP3/2N2N2/PP2BPPP/R1BQR1K1 b - -
E96	King's Indian Defense: Orthodox Variation, Positional Defense, Main Line	1. d4 Nf6 2. c4 g6 3. Nc3 Bg7 4. e4 d6 5. Nf3 O-O 6. Be2 e5 7. O-O Nbd7 8. Re1 c6 9. Bf1 a5	d2d4 g8f6 c2c4 g7g6 b1c3 f8g7 e2e4 d7d6 g1f3 e8g8 f1e2 e7e5 e1g1 b8d7 f1e1 c7c6 e2f1 a7a5	r1bq1rk1/1p1n1pbp/2pp1np1/p3p3/2PPP3/2N2N2/PP3PPP/R1BQRBK1 w - -
E97	King's Indian Defense: Orthodox Variation, Aronin-Taimanov Defense	1. d4 Nf6 2. c4 g6 3. Nc3 Bg7 4. e4 d6 5. Nf3 O-O 6. Be2 e5 7. O-O Nc6	d2d4 g8f6 c2c4 g7g6 b1c3 f8g7 e2e4 d7d6 g1f3 e8g8 f1e2 e7e5 e1g1 b8c6	r1bq1rk1/ppp2pbp/2np1np1/4p3/2PPP3/2N2N2/PP2BPPP/R1BQ1RK1 w - -
E97	King's Indian Defense: Orthodox Variation, Bayonet Attack	1. d4 Nf6 2. c4 g6 3. Nc3 Bg7 4. e4 d6 5. Nf3 O-O 6. Be2 e5 7. O-O Nc6 8. d5 Ne7 9. b4	d2d4 g8f6 c2c4 g7g6 b1c3 f8g7 e2e4 d7d6 g1f3 e8g8 f1e2 e7e5 e1g1 b8c6 d4d5 c6e7 b2b4	r1bq1rk1/ppp1npbp/3p1np1/3Pp3/1PP1P3/2N2N2/P3BPPP/R1BQ1RK1 b - -
E97	King's Indian Defense: Orthodox Variation, Bayonet Attack, Sokolov's Line	1. d4 Nf6 2. c4 g6 3. Nc3 Bg7 4. e4 d6 5. Nf3 O-O 6. Be2 e5 7. O-O Nc6 8. d5 Ne7 9. b4 Nh5 10. Re1	d2d4 g8f6 c2c4 g7g6 b1c3 f8g7 e2e4 d7d6 g1f3 e8g8 f1e2 e7e5 e1g1 b8c6 d4d5 c6e7 b2b4 f6h5 f1e1	r1bq1rk1/ppp1npbp/3p2p1/3Pp2n/1PP1P3/2N2N2/P3BPPP/R1BQR1K1 b - -
E97	King's Indian Defense: Orthodox Variation, Bayonet Attack, Yepishin's Line	1. d4 Nf6 2. c4 g6 3. Nc3 Bg7 4. e4 d6 5. Nf3 O-O 6. Be2 e5 7. O-O Nc6 8. d5 Ne7 9. b4 Nh5 10. Qc2	d2d4 g8f6 c2c4 g7g6 b1c3 f8g7 e2e4 d7d6 g1f3 e8g8 f1e2 e7e5 e1g1 b8c6 d4d5 c6e7 b2b4 f6h5 d1c2	r1bq1rk1/ppp1npbp/3p2p1/3Pp2n/1PP1P3/2N2N2/P1Q1BPPP/R1B2RK1 b - -
E97	King's Indian Defense: Orthodox Variation, Korchnoi Attack	1. d4 Nf6 2. c4 g6 3. Nc3 Bg7 4. e4 d6 5. Nf3 O-O 6. Be2 e5 7. O-O Nc6 8. d5 Ne7 9. Bd2	d2d4 g8f6 c2c4 g7g6 b1c3 f8g7 e2e4 d7d6 g1f3 e8g8 f1e2 e7e5 e1g1 b8c6 d4d5 c6e7 c1d2	r1bq1rk1/ppp1npbp/3p1np1/3Pp3/2P1P3/2N2N2/PP1BBPPP/R2Q1RK1 b - -
E97	King's Indian Defense: Orthodox Variation, Modern System	1. d4 Nf6 2. c4 g6 3. Nc3 Bg7 4. e4 d6 5. Nf3 O-O 6. Be2 e5 7. O-O Nc6 8. d5 Ne7 9. Nd2	d2d4 g8f6 c2c4 g7g6 b1c3 f8g7 e2e4 d7d6 g1f3 e8g8 f1e2 e7e5 e1g1 b8c6 d4d5 c6e7 f3d2	r1bq1rk1/ppp1npbp/3p1np1/3Pp3/2P1P3/2N5/PP1NBPPP/R1BQ1RK1 b - -
E98	King's Indian Defense: Orthodox Variation, Classical System	1. d4 Nf6 2. c4 g6 3. Nc3 Bg7 4. e4 d6 5. Nf3 O-O 6. Be2 e5 7. O-O Nc6 8. d5 Ne7 9. Ne1	d2d4 g8f6 c2c4 g7g6 b1c3 f8g7 e2e4 d7d6 g1f3 e8g8 f1e2 e7e5 e1g1 b8c6 d4d5 c6e7 f3e1	r1bq1rk1/ppp1npbp/3p1np1/3Pp3/2P1P3/2N5/PP2BPPP/R1BQNRK1 b - -
E98	King's Indian Defense: Orthodox Variation, Classical System, Kozul Gambit	1. d4 Nf6 2. c4 g6 3. Nc3 Bg7 4. e4 d6 5. Nf3 O-O 6. Be2 e5 7. O-O Nc6 8. d5 Ne7 9. Ne1 Nd7 10. Be3 f5 11. f3 f4 12. Bf2 g5 13. Rc1 Ng6 14. c5	d2d4 g8f6 c2c4 g7g6 b1c3 f8g7 e2e4 d7d6 g1f3 e8g8 f1e2 e7e5 e1g1 b8c6 d4d5 c6e7 f3e1 f6d7 c1e3 f7f5 f2f3 f5f4 e3f2 g6g5 a1c1 e7g6 c4c5	r1bq1rk1/pppn2bp/3p2n1/2PPp1p1/4Pp2/2N2P2/PP2BBPP/2RQNRK1 b - -
E98	King's Indian Defense: Orthodox Variation, Classical System, Neo-Classical Line	1. d4 Nf6 2. c4 g6 3. Nc3 Bg7 4. e4 d6 5. Nf3 O-O 6. Be2 e5 7. O-O Nc6 8. d5 Ne7 9. Ne1 Nd7 10. Be3	d2d4 g8f6 c2c4 g7g6 b1c3 f8g7 e2e4 d7d6 g1f3 e8g8 f1e2 e7e5 e1g1 b8c6 d4d5 c6e7 f3e1 f6d7 c1e3	r1bq1rk1/pppnnpbp/3p2p1/3Pp3/2P1P3/2N1B3/PP2BPPP/R2QNRK1 b - -
E99	King's Indian Defense: Orthodox Variation, Classical System, Benko Attack	1. d4 Nf6 2. c4 g6 3. Nc3 Bg7 4. e4 d6 5. Nf3 O-O 6. Be2 e5 7. O-O Nc6 8. d5 Ne7 9. Ne1 Nd7 10. f3 f5 11. g4	d2d4 g8f6 c2c4 g7g6 b1c3 f8g7 e2e4 d7d6 g1f3 e8g8 f1e2 e7e5 e1g1 b8c6 d4d5 c6e7 f3e1 f6d7 f2f3 f7f5 g2g4	r1bq1rk1/pppnn1bp/3p2p1/3Ppp2/2P1P1P1/2N2P2/PP2B2P/R1BQNRK1 b - -
E99	King's Indian Defense: Orthodox Variation, Classical System, Traditional Line	1. d4 Nf6 2. c4 g6 3. Nc3 Bg7 4. e4 d6 5. Nf3 O-O 6. Be2 e5 7. O-O Nc6 8. d5 Ne7 9. Ne1 Nd7 10. f3 f5	d2d4 g8f6 c2c4 g7g6 b1c3 f8g7 e2e4 d7d6 g1f3 e8g8 f1e2 e7e5 e1g1 b8c6 d4d5 c6e7 f3e1 f6d7 f2f3 f7f5	r1bq1rk1/pppnn1bp/3p2p1/3Ppp2/2P1P3/2N2P2/PP2B1PP/R1BQNRK1 w - -
